{
  "created_at": "2026-04-17T09:34:30.294740",
  "pollutants_requested": [
    "pm25"
  ],
  "horizons_requested": [
    1,
    24,
    672
  ],
  "lstm": {
    "pollutants": {
      "pm25": {
        "model_paths": {
          "h1": "/var/home/fine/AI-slop/ML-Final/models/lstm_quantile_pm25_h1.pt",
          "h24": "/var/home/fine/AI-slop/ML-Final/models/lstm_quantile_pm25_h24.pt",
          "h672": "/var/home/fine/AI-slop/ML-Final/models/lstm_quantile_pm25_h672.pt"
        },
        "sample_count_total": 34153,
        "sample_count_by_horizon": {
          "h1": 14587,
          "h24": 13915,
          "h672": 5651
        },
        "horizons": [
          1,
          24,
          672
        ],
        "quantiles": [
          0.05,
          0.5,
          0.95,
          0.99
        ],
        "overall_rmse_p50": 28.807851791381836,
        "overall_mae_p50": 21.325443267822266,
        "overall_crps_approx": 21.31331443786621,
        "by_horizon": {
          "h1": {
            "rmse": 24.884073260838573,
            "mae": 18.26828384399414,
            "r2": -1.1689748764038086,
            "crps_approx": 18.086132049560547,
            "coverage_p05_p95": 0.0,
            "tail_below_p05": 0.004661685062041544,
            "tail_above_p95": 1.0,
            "tail_above_p99": 0.9987660245424008,
            "interval_width_p05_p95": -0.2410815954208374,
            "quantile_crossing_rate": 1.0,
            "pit_ks_stat": 0.9953383151441813,
            "pit_pvalue": 0.0,
            "by_region": {
              "AIIMS": {
                "rmse": 25.02896027682857,
                "mae": 17.93896484375,
                "crps_approx": 17.758682250976562,
                "coverage_p05_p95": 0.0,
                "count": 3781
              },
              "Bhatagaon": {
                "rmse": 20.970294832950238,
                "mae": 14.427454948425293,
                "crps_approx": 14.245218276977539,
                "coverage_p05_p95": 0.0,
                "count": 3866
              },
              "IGKV": {
                "rmse": 20.8687120664057,
                "mae": 16.036380767822266,
                "crps_approx": 15.853694915771484,
                "coverage_p05_p95": 0.0,
                "count": 3429
              },
              "SILTARA": {
                "rmse": 31.439816095721877,
                "mae": 25.03188705444336,
                "crps_approx": 24.848329544067383,
                "coverage_p05_p95": 0.0,
                "count": 3511
              }
            },
            "fairness": {
              "rmse_max_min_ratio": 1.506552776025573,
              "rmse_max": 31.439816095721877,
              "rmse_min": 20.8687120664057
            }
          },
          "h24": {
            "rmse": 25.123220504069412,
            "mae": 18.375350952148438,
            "r2": -1.150087833404541,
            "crps_approx": 18.492565155029297,
            "coverage_p05_p95": 0.0,
            "tail_below_p05": 0.001221703197987783,
            "tail_above_p95": 1.0,
            "tail_above_p99": 1.0,
            "interval_width_p05_p95": -0.12808750569820404,
            "quantile_crossing_rate": 1.0,
            "pit_ks_stat": 0.9985627020942047,
            "pit_pvalue": 0.0,
            "by_region": {
              "AIIMS": {
                "rmse": 25.761953005473984,
                "mae": 18.54450035095215,
                "crps_approx": 18.66248321533203,
                "coverage_p05_p95": 0.0,
                "count": 3613
              },
              "Bhatagaon": {
                "rmse": 21.325285267682748,
                "mae": 14.612054824829102,
                "crps_approx": 14.728506088256836,
                "coverage_p05_p95": 0.0,
                "count": 3698
              },
              "IGKV": {
                "rmse": 21.230195993533084,
                "mae": 16.19753074645996,
                "crps_approx": 16.31436538696289,
                "coverage_p05_p95": 0.0,
                "count": 3261
              },
              "SILTARA": {
                "rmse": 31.100150487603152,
                "mae": 24.479873657226562,
                "crps_approx": 24.597461700439453,
                "coverage_p05_p95": 0.0,
                "count": 3343
              }
            },
            "fairness": {
              "rmse_max_min_ratio": 1.464901713440448,
              "rmse_max": 31.100150487603152,
              "rmse_min": 21.230195993533084
            }
          },
          "h672": {
            "rmse": 43.162816017070035,
            "mae": 36.481224060058594,
            "r2": -2.500814914703369,
            "crps_approx": 36.58949279785156,
            "coverage_p05_p95": 0.0,
            "tail_below_p05": 0.0005308794903556893,
            "tail_above_p95": 1.0,
            "tail_above_p99": 1.0,
            "interval_width_p05_p95": -0.05815647915005684,
            "quantile_crossing_rate": 1.0,
            "pit_ks_stat": 0.9992921606753953,
            "pit_pvalue": 0.0,
            "by_region": {
              "AIIMS": {
                "rmse": 46.145556162166095,
                "mae": 38.415138244628906,
                "crps_approx": 38.5236701965332,
                "coverage_p05_p95": 0.0,
                "count": 1547
              },
              "Bhatagaon": {
                "rmse": 34.02810943095888,
                "mae": 29.800249099731445,
                "crps_approx": 29.908409118652344,
                "coverage_p05_p95": 0.0,
                "count": 1632
              },
              "IGKV": {
                "rmse": 38.06404739516756,
                "mae": 34.87498474121094,
                "crps_approx": 34.98356246948242,
                "coverage_p05_p95": 0.0,
                "count": 1195
              },
              "SILTARA": {
                "rmse": 53.18854196247299,
                "mae": 44.17976760864258,
                "crps_approx": 44.28756332397461,
                "coverage_p05_p95": 0.0,
                "count": 1277
              }
            },
            "fairness": {
              "rmse_max_min_ratio": 1.563076610835214,
              "rmse_max": 53.18854196247299,
              "rmse_min": 34.02810943095888
            }
          }
        }
      }
    },
    "source": "/var/home/fine/AI-slop/ML-Final/data/preprocessed_lstm_v1"
  },
  "xgb": {
    "pollutants": {
      "pm25": {
        "horizons": [
          1,
          24,
          672
        ],
        "quantiles": [
          0.05,
          0.5,
          0.95,
          0.99
        ],
        "by_horizon": {
          "h1": {
            "rmse": 13.44720080435539,
            "mae": 9.892229080200195,
            "r2": 0.36494898796081543,
            "crps_approx": 39.34652328491211,
            "coverage_p05_p95": 0.8761598416429544,
            "tail_below_p05": 0.11907707534331313,
            "tail_above_p95": 0.004763083013732525,
            "tail_above_p99": 0.0010515897562786095,
            "interval_width_p05_p95": 62.940128326416016,
            "quantile_crossing_rate": 0.0,
            "pit_ks_stat": 0.32107406854629517,
            "pit_pvalue": 0.0,
            "by_region": {
              "AIIMS": {
                "rmse": 13.351586499759003,
                "mae": 10.589158058166504,
                "crps_approx": 39.73039627075195,
                "coverage_p05_p95": 0.8414935707220573,
                "count": 4044
              },
              "Bhatagaon": {
                "rmse": 15.470563932470977,
                "mae": 11.260804176330566,
                "crps_approx": 40.83671951293945,
                "coverage_p05_p95": 0.8215171046108082,
                "count": 4034
              },
              "IGKV": {
                "rmse": 10.746906988834516,
                "mae": 9.132844924926758,
                "crps_approx": 39.26502227783203,
                "coverage_p05_p95": 0.8738872403560831,