{
  "created_at": "2026-04-17T09:34:28.133760",
  "pollutants_requested": [
    "pm25"
  ],
  "horizons_requested": [
    1,
    24,
    672
  ],
  "rows": [
    {
      "pollutant": "pm25",
      "horizon": 1,
      "n_common": 14587,
      "lstm_rmse": 24.884073260838573,
      "xgb_rmse": 13.392219083573188,
      "rmse_improvement_pct": -85.80993265978766,
      "lstm_crps": 18.086132049560547,
      "xgb_crps": 39.46751403808594,
      "crps_improvement_pct": 54.17463579766507,
      "lstm_coverage": 0.0,
      "xgb_coverage": 0.866662096387194,
      "lstm_pit_ks": 0.9953383151441813,
      "xgb_pit_ks": 0.3188812732696533,
      "lstm_pit_pvalue": 0.0,
      "xgb_pit_pvalue": 0.0,
      "lstm_fairness_ratio": 1.506552776025573,
      "xgb_fairness_ratio": 1.2749432280165873
    },
    {
      "pollutant": "pm25",
      "horizon": 24,
      "n_common": 13915,
      "lstm_rmse": 25.123220504069412,
      "xgb_rmse": 14.74778963758081,
      "rmse_improvement_pct": -70.35244685108324,
      "lstm_crps": 18.492565155029297,
      "xgb_crps": 42.203826904296875,
      "crps_improvement_pct": 56.182729123205355,
      "lstm_coverage": 0.0,
      "xgb_coverage": 0.8743801652892562,
      "lstm_pit_ks": 0.9985627020942047,
      "xgb_pit_ks": 0.2916005849838257,
      "lstm_pit_pvalue": 0.0,
      "xgb_pit_pvalue": 0.0,
      "lstm_fairness_ratio": 1.464901713440448,
      "xgb_fairness_ratio": 1.2564819649054384
    },
    {
      "pollutant": "pm25",
      "horizon": 672,
      "n_common": 5651,
      "lstm_rmse": 43.162816017070035,
      "xgb_rmse": 23.233434538800974,
      "rmse_improvement_pct": -85.77888665141616,
      "lstm_crps": 36.58949279785156,
      "xgb_crps": 47.567909240722656,
      "crps_improvement_pct": 23.079459699003387,
      "lstm_coverage": 0.0,
      "xgb_coverage": 0.9375331799681472,
      "lstm_pit_ks": 0.9992921606753953,
      "xgb_pit_ks": 0.16676080226898193,
      "lstm_pit_pvalue": 0.0,
      "xgb_pit_pvalue": 0.0,
      "lstm_fairness_ratio": 1.563076610835214,
      "xgb_fairness_ratio": 2.0074411454725363
    }
  ]
}