{
  "created_at": "2026-04-19T13:17:38.663165",
  "pollutants_requested": [
    "pm25",
    "pm10",
    "no2",
    "o3"
  ],
  "horizons_requested": [
    168
  ],
  "rows": [
    {
      "pollutant": "no2",
      "horizon": 168,
      "n_common": 16581,
      "mean_concentration": 17.168949127197266,
      "lstm_rmse": 14.181328998478454,
      "xgb_rmse": 13.807300262083958,
      "lstm_r2": 0.33546555042266846,
      "xgb_r2": 0.3700571060180664,
      "lstm_rmse_over_mean": 0.8259870125664166,
      "xgb_rmse_over_mean": 0.8042018273682148,
      "rmse_improvement_pct": -2.708920131342489,
      "lstm_crps": 15.560833930969238,
      "xgb_crps": 18.827302932739258,
      "crps_improvement_pct": 17.34963851933288,
      "lstm_coverage": 0.8205777697364454,
      "xgb_coverage": 0.8833001628369821,
      "lstm_pit_ks": 0.15137091279029846,
      "xgb_pit_ks": 0.20087414979934692,
      "lstm_pit_pvalue": 0.0,
      "xgb_pit_pvalue": 0.0,
      "persistence_rmse_raw_yt": 13.603533992494778,
      "climatology_rmse_month_hour": 18.945482441248114,
      "beats_persistence": false,
      "beats_climatology": true,
      "lstm_fairness_ratio": 6.257422235049806,
      "xgb_fairness_ratio": 3.6307899330249334,
      "tag": "final_h168_operational_snapshot"
    },
    {
      "pollutant": "o3",
      "horizon": 168,
      "n_common": 16581,
      "mean_concentration": 7.113461017608643,
      "lstm_rmse": 14.918223947967759,
      "xgb_rmse": 13.56480001468789,
      "lstm_r2": -0.20830392837524414,
      "xgb_r2": 0.0009925365447998047,
      "lstm_rmse_over_mean": 2.0971822170725654,
      "xgb_rmse_over_mean": 1.9069198497200757,
      "rmse_improvement_pct": -9.977470599009118,
      "lstm_crps": 13.317963600158691,
      "xgb_crps": 10.060547828674316,
      "crps_improvement_pct": -32.378115257304096,
      "lstm_coverage": 0.8679211145286774,
      "xgb_coverage": 0.8249200892587902,
      "lstm_pit_ks": 0.20653033256530762,
      "xgb_pit_ks": 0.15790939331054688,
      "lstm_pit_pvalue": 0.0,
      "xgb_pit_pvalue": 0.0,
      "persistence_rmse_raw_yt": 14.518780352018425,
      "climatology_rmse_month_hour": 13.588076896317387,
      "beats_persistence": false,
      "beats_climatology": false,
      "lstm_fairness_ratio": 3.0379256189127344,
      "xgb_fairness_ratio": 3.2422093185857266,
      "tag": "final_h168_operational_snapshot"
    },
    {
      "pollutant": "pm10",
      "horizon": 168,
      "n_common": 15237,
      "mean_concentration": 64.6227035522461,
      "lstm_rmse": 43.312168841176295,
      "xgb_rmse": 45.669127312147374,
      "lstm_r2": 0.283991277217865,
      "xgb_r2": 0.20394355058670044,
      "lstm_rmse_over_mean": 0.6702314583010183,
      "xgb_rmse_over_mean": 0.7067040653169957,
      "rmse_improvement_pct": 5.160944843244597,
      "lstm_crps": 79.21612548828125,
      "xgb_crps": 81.42124938964844,
      "crps_improvement_pct": 2.7082904252848987,
      "lstm_coverage": 0.7448316597755463,
      "xgb_coverage": 0.8758942048959769,
      "lstm_pit_ks": 0.22524118423461914,
      "xgb_pit_ks": 0.22128069400787354,
      "lstm_pit_pvalue": 0.0,
      "xgb_pit_pvalue": 0.0,
      "persistence_rmse_raw_yt": 50.6086127991385,
      "climatology_rmse_month_hour": 51.16411677829615,
      "beats_persistence": true,
      "beats_climatology": true,
      "lstm_fairness_ratio": 1.9030794889186622,
      "xgb_fairness_ratio": 1.4483393736202552,
      "tag": "final_h168_operational_snapshot"
    },
    {
      "pollutant": "pm25",
      "horizon": 168,
      "n_common": 14565,
      "mean_concentration": 23.09170913696289,
      "lstm_rmse": 17.896621538715067,
      "xgb_rmse": 18.632037785257147,
      "lstm_r2": 0.259056031703949,
      "xgb_r2": 0.19691038131713867,
      "lstm_rmse_over_mean": 0.7750236863181319,
      "xgb_rmse_over_mean": 0.8068713179585677,
      "rmse_improvement_pct": 3.9470521422191838,
      "lstm_crps": 41.54314041137695,
      "xgb_crps": 40.14199447631836,
      "crps_improvement_pct": -3.490474136468718,
      "lstm_coverage": 0.7807758324751116,
      "xgb_coverage": 0.9178166838311019,
      "lstm_pit_ks": 0.24826669692993164,
      "xgb_pit_ks": 0.25441914796829224,
      "lstm_pit_pvalue": 0.0,
      "xgb_pit_pvalue": 0.0,
      "persistence_rmse_raw_yt": 22.333823051587235,
      "climatology_rmse_month_hour": 21.040634804783842,
      "beats_persistence": true,
      "beats_climatology": true,
      "lstm_fairness_ratio": 1.390571671604034,
      "xgb_fairness_ratio": 1.5920661792096868,
      "tag": "final_h168_operational_snapshot"
    }
  ],
  "operational_gates": {
    "definition": {
      "pm_production": {
        "rmse_over_mean_lt": 0.5,
        "r2_gt": 0.3
      },
      "gas_rescue": {
        "rmse_over_mean_lt": 0.8,
        "must_beat": "raw_persistence_y_t"
      }
    },
    "baseline_notes": {
      "persistence": "raw_y_t_from_xgb_input_current_pollutant",
      "climatology": "train_split_mean_by_month_hour"
    },
    "rows": [
      {
        "pollutant": "no2",
        "horizon": 168,
        "n_common": 16581,
        "mean_concentration": 17.168949127197266,
        "lstm_rmse": 14.181328998478454,
        "xgb_rmse": 13.807300262083958,
        "lstm_r2": 0.33546555042266846,
        "xgb_r2": 0.3700571060180664,
        "lstm_rmse_over_mean": 0.8259870125664166,
        "xgb_rmse_over_mean": 0.8042018273682148,
        "rmse_improvement_pct": -2.708920131342489,
        "lstm_crps": 15.560833930969238,
        "xgb_crps": 18.827302932739258,
        "crps_improvement_pct": 17.34963851933288,
        "lstm_coverage": 0.8205777697364454,
        "xgb_coverage": 0.8833001628369821,
        "lstm_pit_ks": 0.15137091279029846,
        "xgb_pit_ks": 0.20087414979934692,
        "lstm_pit_pvalue": 0.0,
        "xgb_pit_pvalue": 0.0,
        "persistence_rmse_raw_yt": 13.603533992494778,
        "climatology_rmse_month_hour": 18.945482441248114,
        "beats_persistence": false,
        "beats_climatology": true,
        "lstm_fairness_ratio": 6.257422235049806,
        "xgb_fairness_ratio": 3.6307899330249334,
        "tag": "final_h168_operational_snapshot",
        "gate_label": "gas_rescue",
        "gate_pass": false,
        "coverage_target_90_abs_err": 0.07942223026355466,
        "lstm_pit_shape": "u_shaped_underconfident",
        "xgb_pit_shape": "deviated"
      },
      {
        "pollutant": "o3",
        "horizon": 168,
        "n_common": 16581,
        "mean_concentration": 7.113461017608643,
        "lstm_rmse": 14.918223947967759,
        "xgb_rmse": 13.56480001468789,
        "lstm_r2": -0.20830392837524414,
        "xgb_r2": 0.0009925365447998047,
        "lstm_rmse_over_mean": 2.0971822170725654,
        "xgb_rmse_over_mean": 1.9069198497200757,
        "rmse_improvement_pct": -9.977470599009118,
        "lstm_crps": 13.317963600158691,
        "xgb_crps": 10.060547828674316,
        "crps_improvement_pct": -32.378115257304096,
        "lstm_coverage": 0.8679211145286774,
        "xgb_coverage": 0.8249200892587902,
        "lstm_pit_ks": 0.20653033256530762,
        "xgb_pit_ks": 0.15790939331054688,
        "lstm_pit_pvalue": 0.0,
        "xgb_pit_pvalue": 0.0,
        "persistence_rmse_raw_yt": 14.518780352018425,
        "climatology_rmse_month_hour": 13.588076896317387,
        "beats_persistence": false,
        "beats_climatology": false,
        "lstm_fairness_ratio": 3.0379256189127344,
        "xgb_fairness_ratio": 3.2422093185857266,
        "tag": "final_h168_operational_snapshot",
        "gate_label": "gas_rescue",
        "gate_pass": false,
        "coverage_target_90_abs_err": 0.03207888547132265,
        "lstm_pit_shape": "deviated",
        "xgb_pit_shape": "u_shaped_underconfident"
      },
      {
        "pollutant": "pm10",
        "horizon": 168,
        "n_common": 15237,
        "mean_concentration": 64.6227035522461,
        "lstm_rmse": 43.312168841176295,
        "xgb_rmse": 45.669127312147374,