{"learner":{"attributes":{"scikit_learn":"{\"_estimator_type\": \"regressor\"}"},"feature_names":[],"feature_types":[],"gradient_booster":{"model":{"cats":{"enc":[],"feature_segments":[],"sorted_idx":[]},"gbtree_model_param":{"num_parallel_tree":"1","num_trees":"5"},"iteration_indptr":[0,1,2,3,4,5],"tree_info":[0,0,0,0,0],"trees":[{"base_weights":[-6.728137E-4,-6.4533204E-2,2.696509E-2,3.391217E-2,-8.47979E-2,9.445207E-4,3.6452968E-2,3.7568584E-2,-5.4318184E-1,-2.457988E-1,-5.4846168E-2,4.0749796E-2,-1.54837975E-2,4.136898E-2,-2.8500766E-3,-8.308823E-3,3.9973496E-3,-5.5E-3,-8.769231E-2,-7.38125E-2,-2.3040777E-2,-2.4456045E-2,-4.191991E-3,-1.340909E-2,4.1789617E-3,-4.9748323E-3,3.6206413E-3,5.410568E-4,4.3306225E-3,1.7765086E-3,-1.6689977E-2],"categories":[],"categories_nodes":[],"categories_segments":[],"categories_sizes":[],"default_left":[0,0,0,0,0,0,0,0,0,0,0,0,0,0,0,0,0,0,0,0,0,0,0,0,0,0,0,0,0,0,0],"id":0,"left_children":[1,3,5,7,9,11,13,15,17,19,21,23,25,27,29,-1,-1,-1,-1,-1,-1,-1,-1,-1,-1,-1,-1,-1,-1,-1,-1],"loss_changes":[1.19228806E2,4.0710136E1,1.1639858E1,7.3719716E0,8.158871E1,8.239542E0,6.6756744E0,1.0081782E0,3.53615E0,1.9940369E1,3.498156E1,6.748209E-1,1.57986E1,2.1389542E0,1.2996267E1,0E0,0E0,0E0,0E0,0E0,0E0,0E0,0E0,0E0,0E0,0E0,0E0,0E0,0E0,0E0,0E0],"parents":[2147483647,0,0,1,1,2,2,3,3,4,4,5,5,6,6,7,7,8,8,9,9,10,10,11,11,12,12,13,13,14,14],"right_children":[2,4,6,8,10,12,14,16,18,20,22,24,26,28,30,-1,-1,-1,-1,-1,-1,-1,-1,-1,-1,-1,-1,-1,-1,-1,-1],"split_conditions":[4.9922085E1,2E0,7.518083E1,3.6395477E1,7E0,5E0,2.2049583E1,2.86E0,5.5604E0,1.3276316E0,2.525E0,9.533333E-1,9E0,4.06E0,1E0,-1.7519999E-1,3.5780004E-1,-1.17000006E-1,-2.39E-1,-3.86E-1,-2.9225E-1,-3.22E-1,-1.4100002E-1,-1.4030002E-1,5.2599996E-1,-1.4500001E-1,5.8100003E-1,3.0950015E-2,7.11E-1,2.0630005E-1,-2.2368751E-1],"split_indices":[38,87,38,65,85,85,64,45,26,64,21,2,85,46,90,0,0,0,0,0,0,0,0,0,0,0,0,0,0,0,0],"split_type":[0,0,0,0,0,0,0,0,0,0,0,0,0,0,0,0,0,0,0,0,0,0,0,0,0,0,0,0,0,0,0],"sum_hessian":[6.7551E4,2.0404E4,4.7147E4,3.483E3,1.6921E4,1.2598E4,3.4549E4,3.462E3,2.1E1,2.653E3,1.4268E4,3.68E3,8.918E3,3.0708E4,3.841E3,6.7E1,3.395E3,9E0,1.2E1,7.9E1,2.574E3,9.09E2,1.3359E4,2.1E1,3.659E3,5.363E3,3.555E3,1.57E3,2.9138E4,3.413E3,4.28E2],"tree_param":{"num_deleted":"0","num_feature":"92","num_nodes":"31","size_leaf_vector":"1"}},{"base_weights":[1.3248707E-3,-5.5245437E-2,2.6597267E-2,3.332423E-2,-7.400474E-2,3.1407326E-2,-5.8689572E-2,3.5731908E-2,-5.964286E-1,-2.2150992E-1,-4.642538E-2,3.3731297E-2,-3.9587773E-2,1.422565E-2,-1.5524605E-1,3.678493E-3,-2.6153846E-2,-7.727273E-2,3.7500001E-3,-9.637404E-3,-2.7217347E-2,-4.3553922E-2,-4.089358E-3,5.658951E-4,3.8832817E-3,1.9753089E-3,-1.0324006E-2,2.6329397E-3,-2.0743243E-2,3.5739436E-3,-2.2336273E-2],"categories":[],"categories_nodes":[],"categories_segments":[],"categories_sizes":[],"default_left":[0,0,0,0,0,0,0,0,0,0,0,0,0,0,0,0,0,0,0,0,0,0,0,0,0,0,0,0,0,0,0],"id":1,"left_children":[1,3,5,7,9,11,13,15,17,19,21,23,25,27,29,-1,-1,-1,-1,-1,-1,-1,-1,-1,-1,-1,-1,-1,-1,-1,-1],"loss_changes":[9.695864E1,3.479771E1,1.9232414E1,5.5722766E0,7.02946E1,7.322792E0,1.7624422E1,1.1515608E0,1.5936284E0,1.723079E1,3.1324764E1,6.1534424E0,5.316533E0,3.83395E0,1.4018991E1,0E0,0E0,0E0,0E0,0E0,0E0,0E0,0E0,0E0,0E0,0E0,0E0,0E0,0E0,0E0,0E0],"parents":[2147483647,0,0,1,1,2,2,3,3,4,4,5,5,6,6,7,7,8,8,9,9,10,10,11,11,12,12,13,13,14,14],"right_children":[2,4,6,8,10,12,14,16,18,20,22,24,26,28,30,-1,-1,-1,-1,-1,-1,-1,-1,-1,-1,-1,-1,-1,-1,-1,-1],"split_conditions":[5.092375E1,2E0,3.853E1,3.9979626E1,7E0,3.998E1,9.731544E1,9.004E1,2.42E1,9.731544E1,9.533333E-1,1.588E1,9.731544E1,3.13E0,5E0,3.1662005E-1,-1.2978001E-1,-1.9210003E-1,2.17E-2,-2.2277498E-1,-2.8977498E-1,-3.0940002E-1,-1.3590002E-1,2.616999E-2,5.38682E-1,1.7095226E-1,-2.7955002E-1,1.5650003E-1,-2.66E-1,4.8320004E-1,-2.79139E-1],"split_indices":[38,87,68,65,85,4,12,56,19,12,41,20,12,6,85,0,0,0,0,0,0,0,0,0,0,0,0,0,0,0,0],"split_type":[0,0,0,0,0,0,0,0,0,0,0,0,0,0,0,0,0,0,0,0,0,0,0,0,0,0,0,0,0,0,0],"sum_hessian":[6.7817E4,2.0941E4,4.6876E4,3.66E3,1.7281E4,4.4374E4,2.502E3,3.647E3,1.3E1,2.721E3,1.456E4,4.2968E4,1.406E3,1.426E3,1.076E3,3.635E3,1.2E1,1E1,3E0,7.85E2,1.936E3,2.03E2,1.4357E4,6.608E3,3.636E4,7.28E2,6.78E2,1.353E3,7.3E1,2.83E2,7.93E2],"tree_param":{"num_deleted":"0","num_feature":"92","num_nodes":"31","size_leaf_vector":"1"}},{"base_weights":[1.7426425E-3,-6.1369132E-2,2.146137E-2,-4.215164E-1,-5.583291E-2,-6.3376157E-3,3.3290066E-2,4.934211E-3,-6.307692E-1,-8.0113284E-2,7.3582777E-3,3.422481E-2,-1.9941067E-2,3.8106285E-2,-4.5621316E-3,-7.119205E-2,4.736842E-3,3.540583E-3,-1.0334415E-2,1.6947946E-3,-1.9044118E-2,-1.4583333E-2,3.590613E-3,-6.6339956E-3,3.536475E-4,-3.024809E-3,3.9238585E-3,1.6522588E-3,-1.5487078E-2],"categories":[],"categories_nodes":[],"categories_segments":[],"categories_sizes":[],"default_left":[0,0,0,0,0,0,0,0,0,0,0,0,0,0,0,0,0,0,0,0,0,0,0,0,0,0,0,0,0],"id":2,"left_children":[1,3,5,7,9,11,13,-1,15,17,19,21,23,25,27,-1,-1,-1,-1,-1,-1,-1,-1,-1,-1,-1,-1,-1,-1],"loss_changes":[8.430514E1,3.213135E1,1.6972887E1,2.4072075E1,2.4371502E1,8.502647E0,6.6012306E0,0E0,9.334091E0,3.0798073E1,8.368252E0,1.1768231E0,1.2570035E1,2.487358E0,1.2958313E1,0E0,0E0,0E0,0E0,0E0,0E0,0E0,0E0,0E0,0E0,0E0,0E0,0E0,0E0],"parents":[2147483647,0,0,1,1,2,2,3,3,4,4,5,5,6,6,8,8,9,9,10,10,11,11,12,12,13,13,14,14],"right_children":[2,4,6,8,10,12,14,-1,16,18,20,22,24,26,28,-1,-1,-1,-1,-1,-1,-1,-1,-1,-1,-1,-1,-1,-1],"split_conditions":[1.4713333E1,9.533333E-1,7.104437E1,1.2E1,9E0,5E0,2.2049583E1,1.8934003E-1,6.2373633E0,6E0,4.301E1,2.19E0,7E0,1.48E1,1E0,-2.805575E-1,3.8304E-1,2.4816541E-1,-2.157975E-1,2.3904E-1,-1.2901817E-1,-1.7307965E-1,3.1655145E-1,-1.6590999E-1,2.0689964E-2,-1.0003697E-1,5.599944E-1,1.8273644E-1,-2.0938213E-1],"split_indices":[21,2,38,84,85,85,64,0,26,85,67,44,85,33,90,0,0,0,0,0,0,0,0,0,0,0,0,0,0],"split_type":[0,0,0,0,0,0,0,0,0,0,0,0,0,0,0,0,0,0,0,0,0,0,0,0,0,0,0,0,0],"sum_hessian":[6.7741E4,1.6126E4,5.1615E4,2.43E2,1.5883E4,1.5407E4,3.6208E4,7.5E1,1.68E2,1.1474E4,4.409E3,3.869E3,1.1538E4,3.2121E4,4.087E3,1.5E2,1.8E1,1.921E3,9.553E3,4.206E3,2.03E2,3.5E1,3.834E3,3.876E3,7.662E3,5.23E2,3.1598E4,3.585E3,5.02E2],"tree_param":{"num_deleted":"0","num_feature":"92","num_nodes":"29","size_leaf_vector":"1"}},{"base_weights":[2.6145831E-3,-4.5820788E-2,2.4300845E-2,-8.191243E-2,-7.300206E-3,2.9527064E-2,-4.8892453E-2,-1.9624412E-1,-5.724091E-2,3.305623E-2,-2.688527E-2,4.7473285E-2,2.1503683E-2,-2.2021051E-2,-1.3495277E-1,-7.6615386E-2,-1.761468E-2,-2.657845E-2,-4.403637E-3,3.5377361E-3,-3E-2,3.459796E-4,-7.5304643E-3,-6.6666664E-3,4.754604E-3,6.31682E-4,3.954493E-3,8.3055574E-4,-1.1675347E-2,-9.8167155E-3,-5.5083334E-2],"categories":[],"categories_nodes":[],"categories_segments":[],"categories_sizes":[],"default_left":[0,0,0,0,0,0,0,0,0,0,0,0,0,0,0,0,0,0,0,0,0,0,0,0,0,0,0,0,0,0,0],"id":3,"left_children":[1,3,5,7,9,11,13,15,17,19,21,23,25,27,29,-1,-1,-1,-1,-1,-1,-1,-1,-1,-1,-1,-1,-1,-1,-1,-1],"loss_changes":[7.1068924E1,2.909082E1,1.7878708E1,3.046119E1,8.001939E0,6.2799377E0,7.200657E0,2.1821732E1,2.4460636E1,2.5679195E0,1.0014935E1,1.1507034E-1,8.259452E0,6.824138E0,1.1282056E1,0E0,0E0,0E0,0E0,0E0,0E0,0E0,0E0,0E0,0E0,0E0,0E0,0E0,0E0,0E0,0E0],"parents":[2147483647,0,0,1,1,2,2,3,3,4,4,5,5,6,6,7,7,8,8,9,9,10,10,11,11,12,12,13,13,14,14],"right_children":[2,4,6,8,10,12,14,16,18,20,22,24,26,28,30,-1,-1,-1,-1,-1,-1,-1,-1,-1,-1,-1,-1,-1,-1,-1,-1],"split_conditions":[5.092375E1,1.259E1,3.759E1,7E0,2E0,1E0,1E0,1.8945833E0,2.4525E0,3.033777E1,2.858E1,1.771E1,9E0,1E0,3.724E1,-2.9659274E-1,-2.3421775E-1,-2.5663027E-1,-1.3173027E-1,2.7722675E-1,-1.8406089E-1,2.681974E-2,-1.2957315E-1,-5.8512336E-1,1.0175108E0,3.9118048E-2,9.310836E-1,5.1755574E-2,-1.653451E-1,-2.2989511E-1,-4.0818554E-1],"split_indices":[38,40,68,85,87,87,88,64,23,65,68,30,85,90,66,0,0,0,0,0,0,0,0,0,0,0,0,0,0,0,0],"split_type":[0,0,0,0,0,0,0,0,0,0,0,0,0,0,0,0,0,0,0,0,0,0,0,0,0,0,0,0,0,0,0],