{"learner":{"attributes":{"scikit_learn":"{\"_estimator_type\": \"regressor\"}"},"feature_names":[],"feature_types":[],"gradient_booster":{"model":{"cats":{"enc":[],"feature_segments":[],"sorted_idx":[]},"gbtree_model_param":{"num_parallel_tree":"1","num_trees":"5"},"iteration_indptr":[0,1,2,3,4,5],"tree_info":[0,0,0,0,0],"trees":[{"base_weights":[1.250769E-4,-3.927203E-2,7.395961E-1,-4.4595633E-2,1.1489957E-1,5.265487E-1,8.03464E-1,-4.670643E-2,-8.010654E-3,2.748134E-1,9.1969036E-2,6.1607885E-1,3.8564515E-1,7.4192333E-1,8.6599845E-1,-4.713102E-3,1.6966568E-3,9.076304E-3,-1.5853283E-3,1.4296295E-2,4.05597E-2,5.560375E-3,1.9400407E-2,3.7534248E-2,6.57439E-2,4.1780572E-2,1.030303E-2,6.576998E-2,7.9377286E-2,3.384615E-2,8.7066144E-2],"categories":[],"categories_nodes":[],"categories_segments":[],"categories_sizes":[],"default_left":[0,0,0,0,0,0,0,0,0,0,0,0,0,0,0,0,0,0,0,0,0,0,0,0,0,0,0,0,0,0,0],"id":0,"left_children":[1,3,5,7,9,11,13,15,17,19,21,23,25,27,29,-1,-1,-1,-1,-1,-1,-1,-1,-1,-1,-1,-1,-1,-1,-1,-1],"loss_changes":[1.9680227E3,5.2644646E1,4.6071777E1,4.787178E0,7.8255825E0,9.740967E0,9.467163E0,1.585434E0,2.6220644E0,4.5633717E0,6.942749E0,4.552475E0,2.7745628E0,5.290344E0,2.895813E0,0E0,0E0,0E0,0E0,0E0,0E0,0E0,0E0,0E0,0E0,0E0,0E0,0E0,0E0,0E0,0E0],"parents":[2147483647,0,0,1,1,2,2,3,3,4,4,5,5,6,6,7,7,8,8,9,9,10,10,11,11,12,12,13,13,14,14],"right_children":[2,4,6,8,10,12,14,16,18,20,22,24,26,28,30,-1,-1,-1,-1,-1,-1,-1,-1,-1,-1,-1,-1,-1,-1,-1,-1],"split_conditions":[8.042E1,6.823E1,8.764E1,5.636E1,5.178619E1,8.007083E1,2.0174E2,5.3285297E1,4.1303333E1,4.577E1,7.66E1,7.23E1,1.386E1,9.966E1,1.056E1,-2.9582245E0,2.574875E0,2.1367722E0,-3.1397444E-1,2.1302755E0,2.4275746E0,6.534249E-1,2.0541754E0,2.247575E0,2.9678998E0,1.8202845E0,3.5856977E0,3.6055748E0,1.3510814E1,7.8540263E0,7.8610244E0],"split_indices":[0,0,0,0,21,21,1,26,21,44,0,32,58,0,19,0,0,0,0,0,0,0,0,0,0,0,0,0,0,0,0],"split_type":[0,0,0,0,0,0,0,0,0,0,0,0,0,0,0,0,0,0,0,0,0,0,0,0,0,0,0,0,0,0,0],"sum_hessian":[6.7551E4,6.4135E4,3.416E3,6.1995E4,2.14E3,7.9E2,2.626E3,5.8613E4,3.382E3,2.67E2,1.873E3,4.81E2,3.09E2,1.33E3,1.296E3,5.8225E4,3.88E2,2.48E2,3.134E3,1.34E2,1.33E2,1.382E3,4.91E2,7.2E1,4.09E2,2.77E2,3.2E1,5.12E2,8.18E2,1.2E1,1.284E3],"tree_param":{"num_deleted":"0","num_feature":"92","num_nodes":"31","size_leaf_vector":"1"}},{"base_weights":[-5.0996905E-3,-3.8943354E-2,6.6990423E-1,-4.3814767E-2,1.2681669E-1,4.58239E-1,7.38482E-1,-4.6290096E-2,-9.3431846E-4,3.2586703E-1,8.078718E-2,6.7491287E-1,3.35167E-1,6.632397E-1,8.2582074E-1,-4.820231E-3,-3.0588338E-3,1.0092806E-2,-1.5592667E-3,2.1090424E-2,4.5974843E-2,2.9101786E-3,1.455639E-2,7.30921E-2,4.5083333E-2,3.728409E-2,9.357142E-3,6.898923E-2,3.7008926E-2,8.478457E-2,6.5038465E-2],"categories":[],"categories_nodes":[],"categories_segments":[],"categories_sizes":[],"default_left":[0,0,0,0,0,0,0,0,0,0,0,0,0,0,0,0,0,0,0,0,0,0,0,0,0,0,0,0,0,0,0],"id":1,"left_children":[1,3,5,7,9,11,13,15,17,19,21,23,25,27,29,-1,-1,-1,-1,-1,-1,-1,-1,-1,-1,-1,-1,-1,-1,-1,-1],"loss_changes":[1.5493018E3,5.2153763E1,4.666284E1,6.659172E0,1.6868753E1,2.0973648E1,1.5513062E1,1.779419E0,5.115558E0,5.2284546E0,5.014431E0,3.2724E0,4.597954E0,1.004248E1,3.8032837E0,0E0,0E0,0E0,0E0,0E0,0E0,0E0,0E0,0E0,0E0,0E0,0E0,0E0,0E0,0E0,0E0],"parents":[2147483647,0,0,1,1,2,2,3,3,4,4,5,5,6,6,7,7,8,8,9,9,10,10,11,11,12,12,13,13,14,14],"right_children":[2,4,6,8,10,12,14,16,18,20,22,24,26,28,30,-1,-1,-1,-1,-1,-1,-1,-1,-1,-1,-1,-1,-1,-1,-1,-1],"split_conditions":[8.245E1,7.065E1,9.084E1,5.77E1,6.606E1,8.246E1,2.0979E2,1.723929E1,5.27E1,7.508E1,7.66E1,7.58E0,1.019E1,2.2731E2,2.949E1,-2.7724748E0,-1.5146335E0,2.1762938E0,-2.228661E-1,1.9593095E0,2.832092E0,4.6968275E-1,1.4419421E0,3.537629E0,2.407218E0,1.3639852E0,8.666013E-1,1.0691543E1,4.1760077E0,6.9365706E0,9.171673E0],"split_indices":[0,0,0,0,14,14,1,26,14,0,0,58,58,27,4,0,0,0,0,0,0,0,0,0,0,0,0,0,0,0,0],"split_type":[0,0,0,0,0,0,0,0,0,0,0,0,0,0,0,0,0,0,0,0,0,0,0,0,0,0,0,0,0,0,0],"sum_hessian":[6.7817E4,6.458E4,3.237E3,6.2737E4,1.843E3,7.94E2,2.443E3,5.9313E4,3.424E3,3.45E2,1.498E3,2.86E2,5.08E2,1.317E3,1.126E3,5.2872E4,6.441E3,4.3E2,2.994E3,1.87E2,1.58E2,8.34E2,6.64E2,2.27E2,5.9E1,4.39E2,6.9E1,1.206E3,1.11E2,9.97E2,1.29E2],"tree_param":{"num_deleted":"0","num_feature":"92","num_nodes":"31","size_leaf_vector":"1"}},{"base_weights":[-1.4925022E-2,-3.4065206E-2,3.6774093E-1,-4.1819174E-2,5.3913116E-2,3.054246E-1,6.672072E-1,-4.616585E-2,7.884241E-3,4.134083E-3,1.4097843E-1,2.1647318E-1,4.9109825E-1,5.6006193E-1,8.128755E-1,-4.7324505E-3,-1.2299181E-3,-1.5504669E-3,1.24466745E-2,5.0833333E-2,1.3901362E-4,6.032952E-3,1.9802336E-2,2.4591772E-2,-4.9723773E-3,3.693976E-2,6.0199555E-2,5.877023E-2,-4.666668E-3,6.0347226E-2,9.009259E-2],"categories":[],"categories_nodes":[],"categories_segments":[],"categories_sizes":[],"default_left":[0,0,0,0,0,0,0,0,0,0,0,0,0,0,0,0,0,0,0,0,0,0,0,0,0,0,0,0,0,0,0],"id":2,"left_children":[1,3,5,7,9,11,13,15,17,19,21,23,25,27,29,-1,-1,-1,-1,-1,-1,-1,-1,-1,-1,-1,-1,-1,-1,-1,-1],"loss_changes":[4.96175E2,4.401387E1,6.0017334E1,1.2809853E1,2.2649036E1,4.4040787E1,8.207001E0,2.1388931E0,1.300574E1,4.600801E0,8.733814E0,1.4191261E1,1.145192E1,5.444206E0,3.7523956E0,0E0,0E0,0E0,0E0,0E0,0E0,0E0,0E0,0E0,0E0,0E0,0E0,0E0,0E0,0E0,0E0],"parents":[2147483647,0,0,1,1,2,2,3,3,4,4,5,5,6,6,7,7,8,8,9,9,10,10,11,11,12,12,13,13,14,14],"right_children":[2,4,6,8,10,12,14,16,18,20,22,24,26,28,30,-1,-1,-1,-1,-1,-1,-1,-1,-1,-1,-1,-1,-1,-1,-1,-1],"split_conditions":[8.246E1,5.978611E1,2.4307E2,1.4589196E1,1.4887E2,1.1148E2,9.797583E1,1.853E2,1.7196E2,2.0984509E1,1.2964619E1,3.5E1,7.836875E1,1.5E1,3.931E1,-2.3931549E0,-1.3378678E-1,-5.8875203E-1,2.4417408E0,1.6504541E1,7.5221024E-2,6.6475743E-1,3.7714882E0,2.423724E0,-8.180656E-2,7.6190314E0,1.0213378E1,5.019194E0,-1.2650299E-2,1.0100613E1,8.7740135E0],"split_indices":[14,25,1,24,1,14,21,1,1,38,24,9,25,8,2,0,0,0,0,0,0,0,0,0,0,0,0,0,0,0,0],"split_type":[0,0,0,0,0,0,0,0,0,0,0,0,0,0,0,0,0,0,0,0,0,0,0,0,0,0,0,0,0,0,0],"sum_hessian":[6.7741E4,6.4515E4,3.226E3,5.929E4,5.225E3,2.672E3,5.54E2,5.4522E4,4.768E3,3.325E3,1.9E3,1.808E3,8.64E2,3.22E2,2.32E2,5.2718E4,1.804E3,3.972E3,7.96E2,1.7E1,3.308E3,7.88E2,1.112E3,1.628E3,1.8E2,4.14E2,4.5E2,3.08E2,1.4E1,7.1E1,1.61E2],"tree_param":{"num_deleted":"0","num_feature":"92","num_nodes":"31","size_leaf_vector":"1"}},{"base_weights":[-2.0941794E-2,-3.6353495E-2,5.2670085E-1,-4.29371E-2,1.3973439E-1,3.4450063E-1,6.619115E-1,-4.5699142E-2,8.967549E-3,3.2121992E-1,8.0681175E-2,5.5224913E-1,2.2445327E-1,6.0958385E-1,8.1314814E-1,-4.7862767E-3,-2.8886476E-3,1.9322034E-2,-1.7986918E-4,2.4960937E-2,4.5778897E-2,-4.063928E-3,9.752065E-3,1.8499998E-2,5.9249997E-2,1.2922296E-2,3.5889424E-2,4.9888577E-2,6.995402E-2,3.384615E-2,8.339147E-2],"categories":[],"categories_nodes":[],"categories_segments":[],"categories_sizes":[],"default_left":[0,0,0,0,0,0,0,0,0,0,0,0,0,0,0,0,0,0,0,0,0,0,0,0,0,0,0,0,0,0,0],"id":3,"left_children":[1,3,5,7,9,11,13,15,17,19,21,23,25,27,29,-1,-1,-1,-1,-1,-1,-1,-1,-1,-1,-1,-1,-1,-1,-1,-1],"loss_changes":[5.7106824E2,7.6296745E1,4.539679E1,9.094925E0,2.5395535E1,1.9603317E1,7.908783E0,2.1896286E0,6.3601213E0,5.5775604E0,3.6629276E0,4.162422E0,6.3934574E0,7.547699E0,2.3793182E0,0E0,0E0,0E0,0E0,0E0,0E0,0E0,0E0,0E0,0E0,0E0,0E0,0E0,0E0,0E0,0E0],"parents":[2147483647,0,0,1,1,2,2,3,3,4,4,5,5,6,6,7,7,8,8,9,9,10,10,11,11,12,12,13,13,14,14],"right_children":[2,4,6,8,10,12,14,16,18,20,22,24,26,28,30,-1,-1,-1,-1,-1,-1,-1,-1,-1,-1,-1,-1,-1,-1,-1,-1],"split_conditions":[9.548E1,7.508E1,1.1139E2,6.081E1,7.508E1,9.548E1,2.4307E2,1.723929E1,4.972E1,8.245E1,3.5030696E0,2.649E1,2.0979E2,1.324E2,8.63E0,-2.2087853E0,-1.2395939E0,4.711074E0,-2.457956E-2,2.194653E0,5.0034833E0,-7.5796895E-2,8.6176443E-1,2.031343E0,4.7049575E0,1.3266726E0,1.9985939E0,3.6770666E0,1.3597281E1,3.3928666E0,9.954181E0],"split_indices":[0,0,0,0,14,14,1,26,14,0,35,16,1,0,46,0,0,0,0,0,0,0,0,0,0,0,0,0,0,0,0],"split_type":[0,0,0,0,0,0,0,0,0,0,0,0,0,0,0,0,0,0,0,0,0,0,0,0,0,0,0,0,0,0,0],