{"learner":{"attributes":{"scikit_learn":"{\"_estimator_type\": \"regressor\"}"},"feature_names":[],"feature_types":[],"gradient_booster":{"model":{"cats":{"enc":[],"feature_segments":[],"sorted_idx":[]},"gbtree_model_param":{"num_parallel_tree":"1","num_trees":"5"},"iteration_indptr":[0,1,2,3,4,5],"tree_info":[0,0,0,0,0],"trees":[{"base_weights":[-8.155726E-5,-3.3477847E-3,1.1534159E-1,-4.2127096E-3,5.92076E-2,2.4906628E-1,8.621074E-2,-6.931711E-3,5.997221E-3,2.708772E-1,4.477382E-2,2.2588052E-1,7.2400004E-1,3.4203705E-1,7.678645E-2,-7.081888E-4,6.348625E-3,7.4250005E-2,5.7805603E-4,7.412501E-2,1.9020002E-2,3.7944447E-2,3.7399766E-3,4.4472728E-2,1.7943183E-2,8.3692305E-2,-6.66666E-4,-9.285705E-4,4.5365855E-2,6.374719E-3,1.9414967E-2],"categories":[],"categories_nodes":[],"categories_segments":[],"categories_sizes":[],"default_left":[0,0,0,0,0,0,0,0,0,0,0,0,0,0,0,0,0,0,0,0,0,0,0,0,0,0,0,0,0,0,0],"id":0,"left_children":[1,3,5,7,9,11,13,15,17,19,21,23,25,27,29,-1,-1,-1,-1,-1,-1,-1,-1,-1,-1,-1,-1,-1,-1,-1,-1],"loss_changes":[2.5467373E1,3.5546708E0,7.2202873E0,1.7989144E0,2.725324E0,3.4923477E0,3.6577168E0,5.416007E-1,2.1703491E0,2.022071E0,2.058827E0,3.1527176E0,1.2432165E0,2.121832E0,2.2448597E0,0E0,0E0,0E0,0E0,0E0,0E0,0E0,0E0,0E0,0E0,0E0,0E0,0E0,0E0,0E0,0E0],"parents":[2147483647,0,0,1,1,2,2,3,3,4,4,5,5,6,6,7,7,8,8,9,9,10,10,11,11,12,12,13,13,14,14],"right_children":[2,4,6,8,10,12,14,16,18,20,22,24,26,28,30,-1,-1,-1,-1,-1,-1,-1,-1,-1,-1,-1,-1,-1,-1,-1,-1],"split_conditions":[9.548E1,1.0461E2,8.393E1,4.355E1,1.567E1,4.1125E0,1.0480208E0,8.007083E1,4.8E0,2.375E1,3.23E0,9.3E-1,9.957E1,7.303606E-1,2.7177875E2,-3.8299122E0,1.6612616E1,1.7347727E1,1.1052297E0,1.0742728E1,1.9527267E0,1.4599729E1,4.5296683E0,1.1346727E1,8.839533E0,1.4293729E1,-8.8727266E-1,-3.6582725E0,1.6019728E1,5.9802604E0,1.5628371E1],"split_indices":[0,18,78,0,69,77,64,21,1,44,1,56,18,48,31,0,0,0,0,0,0,0,0,0,0,0,0,0,0,0,0],"split_type":[0,0,0,0,0,0,0,0,0,0,0,0,0,0,0,0,0,0,0,0,0,0,0,0,0,0,0,0,0,0,0],"sum_hessian":[6.7551E4,6.5693E4,1.858E3,6.4798E4,8.95E2,3.31E2,1.527E3,5.1171E4,1.3627E4,5.6E1,8.39E2,3.17E2,1.4E1,5.3E1,1.474E3,5.1063E4,1.08E2,3E0,1.3624E4,7E0,4.9E1,1.7E1,8.22E2,5.4E1,2.63E2,1.2E1,2E0,1.3E1,4E1,1.328E3,1.46E2],"tree_param":{"num_deleted":"0","num_feature":"92","num_nodes":"31","size_leaf_vector":"1"}},{"base_weights":[-9.609448E-4,-3.567995E-3,8.963627E-2,-4.0658894E-3,8.513588E-2,2.4554746E-1,7.7456E-2,-5.7729823E-3,1.3077321E-2,6.452723E-2,4.4050002E-1,4.4854167E-1,1.3455556E-1,7.44806E-2,5.91E-1,1.1568827E-4,-7.7218225E-4,1.2175026E-3,1.9033333E-2,4.0235296E-2,4.7087097E-3,8.18182E-3,7.9100005E-2,8.91E-2,3.2358974E-2,9.600001E-3,6.583334E-2,1.6098293E-2,6.1106E-3,-7.499993E-4,8.485714E-2],"categories":[],"categories_nodes":[],"categories_segments":[],"categories_sizes":[],"default_left":[0,0,0,0,0,0,0,0,0,0,0,0,0,0,0,0,0,0,0,0,0,0,0,0,0,0,0,0,0,0,0],"id":1,"left_children":[1,3,5,7,9,11,13,15,17,19,21,23,25,27,29,-1,-1,-1,-1,-1,-1,-1,-1,-1,-1,-1,-1,-1,-1,-1,-1],"loss_changes":[1.6018356E1,2.9118013E0,3.5834627E0,1.9185463E0,2.6666512E0,3.0263538E0,2.6467857E0,8.0517554E-1,9.4722974E-1,2.0372667E0,2.4496415E0,2.3654099E0,1.7543087E0,2.0171108E0,1.5479295E0,0E0,0E0,0E0,0E0,0E0,0E0,0E0,0E0,0E0,0E0,0E0,0E0,0E0,0E0,0E0,0E0],"parents":[2147483647,0,0,1,1,2,2,3,3,4,4,5,5,6,6,7,7,8,8,9,9,10,10,11,11,12,12,13,13,14,14],"right_children":[2,4,6,8,10,12,14,16,18,20,22,24,26,28,30,-1,-1,-1,-1,-1,-1,-1,-1,-1,-1,-1,-1,-1,-1,-1,-1],"split_conditions":[9.548E1,1.324E2,8.1E-1,5.924E1,2.23E0,1.716E1,2.4E1,9.510814E1,2.2881575E2,3.23E0,7.543E1,1.2786667E2,4.826276E1,6.041E1,1.324E2,3.8624534E-1,-4.211796E0,2.0843713E0,6.686204E0,1.3139755E1,6.3556075E0,2.2197616E0,1.2414762E1,9.686754E0,1.3170891E1,1.2719756E1,9.767055E0,1.196258E1,6.7648787E0,-4.2229843E-1,9.903201E0],"split_indices":[0,18,56,0,6,67,8,12,39,1,71,34,69,7,0,0,0,0,0,0,0,0,0,0,0,0,0,0,0,0,0],"split_type":[0,0,0,0,0,0,0,0,0,0,0,0,0,0,0,0,0,0,0,0,0,0,0,0,0,0,0,0,0,0,0],"sum_hessian":[6.7817E4,6.5921E4,1.896E3,6.5554E4,3.67E2,1.36E2,1.76E3,5.9618E4,5.936E3,3.48E2,1.9E1,4.7E1,8.9E1,1.751E3,9E0,1.3086E4,4.6532E4,5.907E3,2.9E1,1.6E1,3.32E2,1E1,9E0,9E0,3.8E1,8.4E1,5E0,2.33E2,1.518E3,3E0,6E0],"tree_param":{"num_deleted":"0","num_feature":"92","num_nodes":"31","size_leaf_vector":"1"}},{"base_weights":[-1.6888984E-3,-3.5610602E-3,6.3472524E-2,-4.8391987E-3,2.258717E-2,2E-1,4.9001176E-2,2.511255E-3,-6.992947E-3,2.1334866E-2,6.5833336E-1,6.830769E-1,1.6165681E-1,4.5822572E-2,5.3636366E-1,3.126251E-3,7.982819E-5,-7.0743024E-4,2.127778E-2,8.002501E-3,1.2517833E-3,-4.9999956E-4,7.92E-2,8.91E-2,-7.499993E-4,3.7350003E-2,4.4636372E-3,5.6285717E-2,4.3661566E-3,8.485714E-2,-7.999992E-4],"categories":[],"categories_nodes":[],"categories_segments":[],"categories_sizes":[],"default_left":[0,0,0,0,0,0,0,0,0,0,0,0,0,0,0,0,0,0,0,0,0,0,0,0,0,0,0,0,0,0,0],"id":2,"left_children":[1,3,5,7,9,11,13,15,17,19,21,23,25,27,29,-1,-1,-1,-1,-1,-1,-1,-1,-1,-1,-1,-1,-1,-1,-1,-1],"loss_changes":[8.264257E0,2.2009196E0,3.7282934E0,9.939369E-1,2.4293342E0,3.242187E0,2.6275392E0,7.007058E-1,8.6965775E-1,1.5845352E0,5.359535E-1,1.873312E0,4.172836E0,1.8770938E0,1.8762889E0,0E0,0E0,0E0,0E0,0E0,0E0,0E0,0E0,0E0,0E0,0E0,0E0,0E0,0E0,0E0,0E0],"parents":[2147483647,0,0,1,1,2,2,3,3,4,4,5,5,6,6,7,7,8,8,9,9,10,10,11,11,12,12,13,13,14,14],"right_children":[2,4,6,8,10,12,14,16,18,20,22,24,26,28,30,-1,-1,-1,-1,-1,-1,-1,-1,-1,-1,-1,-1,-1,-1,-1,-1],"split_conditions":[9.548E1,6.9741455E1,1.1E0,9.510814E1,9.875E1,6E0,2.4E1,2.515E1,7.015991E1,5.73E1,8.08E0,2.869E1,8.434E1,3.23E0,3E1,3.731403E0,2.7680382E-1,-3.195659E0,1.6107645E1,7.540381E0,1.8558552E0,-1.1007102E1,1.182578E1,1.1853803E1,-3.937198E0,1.5700767E1,7.179872E0,1.5404517E1,4.7209706E0,8.912882E0,-3.800682E-1],"split_indices":[14,25,56,12,73,84,8,71,24,7,2,40,29,1,8,0,0,0,0,0,0,0,0,0,0,0,0,0,0,0,0],"split_type":[0,0,0,0,0,0,0,0,0,0,0,0,0,0,0,0,0,0,0,0,0,0,0,0,0,0,0,0,0,0,0],"sum_hessian":[6.7741E4,6.585E4,1.891E3,6.2782E4,3.068E3,1.8E2,1.711E3,1.4227E4,4.8555E4,3.063E3,5E0,1.2E1,1.68E2,1.701E3,1E1,7.99E2,1.3428E4,4.8538E4,1.7E1,3.99E2,2.664E3,1E0,4E0,9E0,3E0,5.9E1,1.09E2,6E0,1.695E3,6E0,4E0],"tree_param":{"num_deleted":"0","num_feature":"92","num_nodes":"31","size_leaf_vector":"1"}},{"base_weights":[-1.9447429E-3,-4.6905754E-3,3.441382E-2,-5.0262976E-3,5.071241E-2,2.8084686E-2,1.3239585E-1,-7.629542E-3,-1.2214517E-3,4.6869567E-1,2.3641465E-2,2.5285691E-2,1.9847223E-1,3.6864865E-1,9.718255E-2,6.492684E-4,-8.0572645E-4,3.6625E-2,-1.3371563E-4,6.016667E-2,-8.3333254E-4,1.1051061E-3,1.9040002E-2,2.4280173E-3,2.6833335E-2,5.1684212E-2,8.277779E-3,7.05E-2,1.5708335E-2,5.70335E-3,2.8568182E-2],"categories":[],"categories_nodes":[],"categories_segments":[],"categories_sizes":[],"default_left":[0,0,0,0,0,0,0,0,0,0,0,0,0,0,0,0,0,0,0,0,0,0,0,0,0,0,0,0,0,0,0],"id":3,"left_children":[1,3,5,7,9,11,13,15,17,19,21,23,25,27,29,-1,-1,-1,-1,-1,-1,-1,-1,-1,-1,-1,-1,-1,-1,-1,-1],"loss_changes":[6.7548647E0,1.170363E0,2.942572E0,6.19357E-1,4.2773805E0,2.1239257E0,2.360114E0,2.243197E-1,1.0806208E0,1.4639277E0,7.47438E-1,1.0670838E0,2.6092381E0,2.5221868E0,1.8908594E0,0E0,0E0,0E0,0E0,0E0,0E0,0E0,0E0,0E0,0E0,0E0,0E0,0E0,0E0,0E0,0E0],"parents":[2147483647,0,0,1,1,2,2,3,3,4,4,5,5,6,6,7,7,8,8,9,9,10,10,11,11,12,12,13,13,14,14],"right_children":[2,4,6,8,10,12,14,16,18,20,22,24,26,28,30,-1,-1,-1,-1,-1,-1,-1,-1,-1,-1,-1,-1,-1,-1,-1,-1],"split_conditions":[7.207E1,4.8408066E1,1.324E2,7.548E1,3.23E0,1.5501E2,8.85E-1,1.0480208E0,2.2985416E1,9.62525E1,2.4328E2,4.57075E1,1.2952E2,1.93E1,1.76E0,8.955986E0,-4.349537E0,2.146949E0,-4.0047488E-1,1.3864066E1,-1.0901807E1,2.5695932E0,3.4415193E0,3.490675E0,7.220273E0,1.217119E1,2.4416275E0,1.0668422E1,9.877704E0,4.2637978E0,1.09877E1],"split_indices":[0,24,18,1,1,19,60,64,38,23,31,67,32,67,74,0,0,0,0,0,0,0,0,0,0,0,0,0,0,0,0],"split_type":[0,0,0,0,0,0,0,0,0,0,0,0,0,0,0,0,0,0,0,0,0,0,0,0,0,0,0,0,0,0,0],