{"learner":{"attributes":{"scikit_learn":"{\"_estimator_type\": \"regressor\"}"},"feature_names":[],"feature_types":[],"gradient_booster":{"model":{"cats":{"enc":[],"feature_segments":[],"sorted_idx":[]},"gbtree_model_param":{"num_parallel_tree":"1","num_trees":"5"},"iteration_indptr":[0,1,2,3,4,5],"tree_info":[0,0,0,0,0],"trees":[{"base_weights":[-8.208478E-4,-2.694367E-1,2.5789894E-2,-4.561808E-1,-2.0135528E-1,-3.8166128E-2,4.0015116E-2,-4.3182704E-1,-8.719101E-1,-2.4095602E-1,-7.644052E-2,-7.282245E-3,-7.803154E-2,-7.3203035E-3,4.3037895E-2,-3.1155962E-2,-4.97334E-2,-9.3855426E-2,4.2857146E-3,-3.0925363E-2,-1.762055E-2,2.5825826E-3,-1.2211021E-2,-5.725518E-3,6.9724786E-4,-1.5283687E-3,-1.0348402E-2,-4.53125E-2,-4.943408E-4,3.1182463E-3,4.7469554E-3],"categories":[],"categories_nodes":[],"categories_segments":[],"categories_sizes":[],"default_left":[0,0,0,0,0,0,0,0,0,0,0,0,0,0,0,0,0,0,0,0,0,0,0,0,0,0,0,0,0,0,0],"id":0,"left_children":[1,3,5,7,9,11,13,15,17,19,21,23,25,27,29,-1,-1,-1,-1,-1,-1,-1,-1,-1,-1,-1,-1,-1,-1,-1,-1],"loss_changes":[4.8287317E2,7.732254E1,5.5920776E1,1.608603E1,2.2063736E1,1.3769157E1,7.1947556E0,1.1961945E1,5.4660034E0,1.49326935E1,5.0285816E0,4.490344E0,7.7954044E0,3.196787E0,2.4816742E0,0E0,0E0,0E0,0E0,0E0,0E0,0E0,0E0,0E0,0E0,0E0,0E0,0E0,0E0,0E0,0E0],"parents":[2147483647,0,0,1,1,2,2,3,3,4,4,5,5,6,6,7,7,8,8,9,9,10,10,11,11,12,12,13,13,14,14],"right_children":[2,4,6,8,10,12,14,16,18,20,22,24,26,28,30,-1,-1,-1,-1,-1,-1,-1,-1,-1,-1,-1,-1,-1,-1,-1,-1],"split_conditions":[6.83E0,1.131E1,4.2006668E1,1.6290314E1,2.848E1,8.505E1,1.384E1,1E0,5.714338E0,4.52E0,6.773E1,9.81E0,2.427E1,9.533333E-1,1.8051666E1,-3.125E-1,-3.4275717E-1,-3.2140002E-1,2.79E-1,-2.7800003E-1,-2.69775E-1,1.998E-1,-2.52E-1,-1.451E-1,3.525E-2,-6.312501E-2,-2.3099999E-1,-2.83E-1,-2.4800003E-2,3.4E-1,9.71E-1],"split_indices":[0,34,36,65,34,70,0,90,26,0,70,0,66,45,49,0,0,0,0,0,0,0,0,0,0,0,0,0,0,0,0],"split_type":[0,0,0,0,0,0,0,0,0,0,0,0,0,0,0,0,0,0,0,0,0,0,0,0,0,0,0,0,0,0,0],"sum_hessian":[6.7551E4,6.088E3,6.1463E4,1.625E3,4.463E3,1.1183E4,5.028E4,1.537E3,8.8E1,3.388E3,1.075E3,6.302E3,4.881E3,3.018E3,4.7262E4,5.44E2,9.93E2,8.2E1,6E0,1.647E3,1.741E3,3.32E2,7.43E2,1.398E3,4.904E3,1.409E3,3.472E3,1.5E1,3.003E3,1.2862E4,3.44E4],"tree_param":{"num_deleted":"0","num_feature":"92","num_nodes":"31","size_leaf_vector":"1"}},{"base_weights":[1.3543615E-3,-2.6825458E-1,2.3087159E-2,-4.1273704E-1,-2.024583E-1,-4.5220923E-2,3.7529677E-2,-3.8661548E-1,-8.682353E-1,-2.5010177E-1,-8.7878786E-2,2.937186E-2,-6.177356E-2,9.896002E-3,4.3595962E-2,-4.4585083E-2,-2.8281534E-2,-9.379747E-2,4.2857146E-3,-4.5013662E-2,-2.149689E-2,-2.3842795E-2,-4.4402513E-3,-7.125E-2,3.085053E-3,-1.0417148E-2,-3.5069063E-3,4.0501095E-3,-1.4222732E-3,-9.198113E-3,4.3934067E-3],"categories":[],"categories_nodes":[],"categories_segments":[],"categories_sizes":[],"default_left":[0,0,0,0,0,0,0,0,0,0,0,0,0,0,0,0,0,0,0,0,0,0,0,0,0,0,0,0,0,0,0],"id":1,"left_children":[1,3,5,7,9,11,13,15,17,19,21,23,25,27,29,-1,-1,-1,-1,-1,-1,-1,-1,-1,-1,-1,-1,-1,-1,-1,-1],"loss_changes":[3.9737607E2,4.800937E1,6.1917E1,1.8487488E1,1.896431E1,1.35268E1,8.684166E0,9.084564E0,5.4410095E0,1.7163498E1,6.6852713E0,2.204977E0,1.0146656E1,6.885358E0,1.9513397E0,0E0,0E0,0E0,0E0,0E0,0E0,0E0,0E0,0E0,0E0,0E0,0E0,0E0,0E0,0E0,0E0],"parents":[2147483647,0,0,1,1,2,2,3,3,4,4,5,5,6,6,7,7,8,8,9,9,10,10,11,11,12,12,13,13,14,14],"right_children":[2,4,6,8,10,12,14,16,18,20,22,24,26,28,30,-1,-1,-1,-1,-1,-1,-1,-1,-1,-1,-1,-1,-1,-1,-1,-1],"split_conditions":[5.95E0,1.131E1,3.85E1,1.6290314E1,2.5256666E1,6E0,5.7800415E1,2.614E1,5.714338E0,1.1542E2,1.0535488E0,6.2004166E0,9.63E0,7E0,3.7646892E-3,-3.1713971E-1,-2.4739099E-1,-2.9286E-1,2.5110003E-1,-2.827225E-1,-2.4520002E-1,-2.5948003E-1,-1.2935E-1,-1.9768749E-1,1.7247497E-1,-2.0939651E-1,-1.3990001E-1,3.174412E-1,-5.5993002E-2,-1.9406001E-1,8.032241E-1],"split_indices":[0,34,34,65,34,85,38,4,26,80,52,25,0,85,65,0,0,0,0,0,0,0,0,0,0,0,0,0,0,0,0],"split_type":[0,0,0,0,0,0,0,0,0,0,0,0,0,0,0,0,0,0,0,0,0,0,0,0,0,0,0,0,0,0,0],"sum_hessian":[6.7817E4,5.058E3,6.2759E4,1.581E3,3.477E3,1.0953E4,5.1806E4,1.497E3,8.4E1,2.455E3,1.022E3,1.989E3,8.964E3,9.326E3,4.248E4,9.51E2,5.46E2,7.8E1,6E0,3.65E2,2.09E3,2.28E2,7.94E2,3E0,1.986E3,3.463E3,5.501E3,4.11E3,5.216E3,1.05E2,4.2375E4],"tree_param":{"num_deleted":"0","num_feature":"92","num_nodes":"31","size_leaf_vector":"1"}},{"base_weights":[3.0416888E-3,-2.5499776E-1,2.1367252E-2,-3.683957E-1,-1.8160498E-1,-3.9980724E-2,3.7191242E-2,-3.4398696E-1,-8.987013E-1,-3.62635E-1,-1.4455228E-1,-9.626843E-2,-2.0589758E-2,2.0267447E-2,4.564446E-2,-2.1833617E-2,-4.1095454E-2,-1.6E-2,-9.369863E-2,-4.147727E-3,-4.368351E-2,-1.789314E-2,-5.3140097E-3,-2.705696E-3,-1.2384259E-2,2.8512196E-3,-3.3833396E-3,4.2219893E-3,-3.0642794E-5,4.635859E-3,3.8938067E-4],"categories":[],"categories_nodes":[],"categories_segments":[],"categories_sizes":[],"default_left":[0,0,0,0,0,0,0,0,0,0,0,0,0,0,0,0,0,0,0,0,0,0,0,0,0,0,0,0,0,0,0],"id":2,"left_children":[1,3,5,7,9,11,13,15,17,19,21,23,25,27,29,-1,-1,-1,-1,-1,-1,-1,-1,-1,-1,-1,-1,-1,-1,-1,-1],"loss_changes":[3.203383E2,3.7318176E1,6.1403645E1,2.2524216E1,1.8252762E1,1.4154421E1,7.192444E0,1.4114014E1,2.0277405E0,1.1015148E1,7.1149254E0,6.338423E0,6.2749496E0,7.565549E0,9.99588E-1,0E0,0E0,0E0,0E0,0E0,0E0,0E0,0E0,0E0,0E0,0E0,0E0,0E0,0E0,0E0,0E0],"parents":[2147483647,0,0,1,1,2,2,3,3,4,4,5,5,6,6,7,7,8,8,9,9,10,10,11,11,12,12,13,13,14,14],"right_children":[2,4,6,8,10,12,14,16,18,20,22,24,26,28,30,-1,-1,-1,-1,-1,-1,-1,-1,-1,-1,-1,-1,-1,-1,-1,-1],"split_conditions":[6.11E0,1.163E1,1.516E1,1.6290314E1,1.1874E2,2.235E1,2.8125E1,1E0,2.504E1,4.579E1,2.515E1,7E0,2E0,7E0,9.735E1,-2.3103605E-1,-2.730103E-1,-1.6268003E-1,-2.56574E-1,-1.643445E-1,-2.5613427E-1,-2.1533003E-1,-1.5167509E-1,-8.520902E-2,-2.0621859E-1,1.6847824E-1,-1.1386778E-1,4.213202E-1,-1.8548496E-3,1.1165775E0,1.5852584E-2],"split_indices":[21,1,14,65,81,1,25,90,67,81,1,85,87,85,5,0,0,0,0,0,0,0,0,0,0,0,0,0,0,0,0],"split_type":[0,0,0,0,0,0,0,0,0,0,0,0,0,0,0,0,0,0,0,0,0,0,0,0,0,0,0,0,0,0,0],"sum_hessian":[6.7741E4,4.491E3,6.325E4,1.763E3,2.728E3,1.2969E4,5.0281E4,1.687E3,7.6E1,4.62E2,2.266E3,3.322E3,9.647E3,1.675E4,3.3531E4,5.88E2,1.099E3,4E0,7.2E1,8.7E1,3.75E2,1.646E3,6.2E2,9.47E2,2.375E3,2.049E3,7.598E3,8.103E3,8.647E3,3.2967E4,5.64E2],"tree_param":{"num_deleted":"0","num_feature":"92","num_nodes":"31","size_leaf_vector":"1"}},{"base_weights":[3.944783E-3,-2.0882829E-1,2.2980003E-2,-3.587966E-1,-1.5184955E-1,-3.1693142E-2,3.6019545E-2,-3.199858E-1,-8.1596637E-1,-1.8956345E-1,-7.283192E-2,2.1775197E-2,-4.518848E-2,6.6832723E-3,4.095855E-2,-3.9893758E-2,-2.292868E-2,4.5833336E-3,-9.041666E-2,-2.7890835E-2,-1.5607053E-2,-1.6346667E-2,-3.616792E-3,2.3761967E-3,-5.111111E-2,-7.1742474E-3,-2.101E-3,3.4516228E-3,-1.6662426E-3,2.8907636E-3,4.5556095E-3],"categories":[],"categories_nodes":[],"categories_segments":[],"categories_sizes":[],"default_left":[0,0,0,0,0,0,0,0,0,0,0,0,0,0,0,0,0,0,0,0,0,0,0,0,0,0,0,0,0,0,0],"id":3,"left_children":[1,3,5,7,9,11,13,15,17,19,21,23,25,27,29,-1,-1,-1,-1,-1,-1,-1,-1,-1,-1,-1,-1,-1,-1,-1,-1],"loss_changes":[2.7403607E2,4.7421555E1,4.4275875E1,2.6868149E1,1.1989891E1,8.631E0,7.265335E0,1.0012482E1,9.086746E0,8.113815E0,4.3239994E0,2.5647216E0,6.1299286E0,4.6965337E0,2.3765945E0,0E0,0E0,0E0,0E0,0E0,0E0,0E0,0E0,0E0,0E0,0E0,0E0,0E0,0E0,0E0,0E0],"parents":[2147483647,0,0,1,1,2,2,3,3,4,4,5,5,6,6,7,7,8,8,9,9,10,10,11,11,12,12,13,13,14,14],"right_children":[2,4,6,8,10,12,14,16,18,20,22,24,26,28,30,-1,-1,-1,-1,-1,-1,-1,-1,-1,-1,-1,-1,-1,-1,-1,-1],"split_conditions":[6.39E0,3.5454166E0,1.516E1,3.8863335E1,2.043E1,2E0,5.24425E1,2.614E1,2.2758381E0,3.27E0,1.628E2,7.4141685E1,3.018E1,7E0,1.825E1,-2.450593E-1,-1.9066401E-1,2.6209268E-1,-2.663093E-1,-2.197093E-1,-2.0689237E-1,-2.2971733E-1,-8.347821E-2,1.5056713E-1,-3.224282E-1,-1.5991099E-1,-8.214822E-2,2.5413805E-1,-8.043282E-2,3.425973E-1,8.950512E-1],