{"learner":{"attributes":{"scikit_learn":"{\"_estimator_type\": \"regressor\"}"},"feature_names":[],"feature_types":[],"gradient_booster":{"model":{"cats":{"enc":[],"feature_segments":[],"sorted_idx":[]},"gbtree_model_param":{"num_parallel_tree":"1","num_trees":"5"},"iteration_indptr":[0,1,2,3,4,5],"tree_info":[0,0,0,0,0],"trees":[{"base_weights":[1.8490413E-4,-4.41062E-4,1.4792983E-1,1.3419392E-2,-5.016897E-3,1.6230376E-2,4.111579E-1,4.5831446E-3,4.0750194E-2,8.631483E-2,-6.0025086E-3,5.925935E-3,6.600001E-2,1.1846155E-1,6.0421056E-1,2.5545466E-3,2.3595503E-4,1.3382745E-2,2.9142788E-3,-9.968345E-4,2.2115557E-2,-7.7138067E-4,-1.6677163E-4,7.486726E-5,3.266667E-2,4.583334E-3,7.4250005E-2,1.4423079E-2,9.590625E-2],"categories":[],"categories_nodes":[],"categories_segments":[],"categories_sizes":[],"default_left":[0,0,0,0,0,0,0,0,0,0,0,0,0,0,0,0,0,0,0,0,0,0,0,0,0,0,0,0,0],"id":0,"left_children":[1,3,5,7,9,11,13,15,17,19,21,23,-1,25,27,-1,-1,-1,-1,-1,-1,-1,-1,-1,-1,-1,-1,-1,-1],"loss_changes":[6.247498E0,4.2664156E0,9.87342E0,4.031926E0,4.5529804E0,1.2631229E0,5.2964764E0,5.880862E-1,4.402992E0,7.0129676E0,3.711455E-1,3.136011E-1,0E0,1.7335575E0,9.165482E0,0E0,0E0,0E0,0E0,0E0,0E0,0E0,0E0,0E0,0E0,0E0,0E0,0E0,0E0],"parents":[2147483647,0,0,1,1,2,2,3,3,4,4,5,5,6,6,7,7,8,8,9,9,10,10,11,11,13,13,14,14],"right_children":[2,4,6,8,10,12,14,16,18,20,22,24,-1,26,28,-1,-1,-1,-1,-1,-1,-1,-1,-1,-1,-1,-1,-1,-1],"split_conditions":[6.477E1,9.510814E1,5.1001877E1,1E1,5.3447914E-1,1.1142E2,7.24E1,2E0,1.81E0,2.1E1,3E0,3.5882E2,7.144114E0,1.02605E2,3.4616802E1,3.3533654E0,8.5630864E-1,9.194766E0,5.251285E0,-9.061955E0,1.5613365E1,-4.243234E0,-3.8261256E-1,1.4813652E0,7.3051143E0,2.2933648E0,6.4618645E0,8.715615E0,9.634864E0],"split_indices":[74,12,25,85,64,18,71,85,56,84,87,79,0,21,39,0,0,0,0,0,0,0,0,0,0,0,0,0,0],"split_type":[0,0,0,0,0,0,0,0,0,0,0,0,0,0,0,0,0,0,0,0,0,0,0,0,0,0,0,0,0],"sum_hessian":[6.7551E4,6.7267E4,2.84E2,1.6695E4,5.0572E4,1.9E2,9.4E1,1.2617E4,4.078E3,5.39E2,5.0033E4,1.88E2,2E0,3.8E1,5.6E1,1.209E3,1.1408E4,4.51E2,3.627E3,3.15E2,2.24E2,3.5871E4,1.4162E4,1.86E2,2E0,3.5E1,3E0,2.5E1,3.1E1],"tree_param":{"num_deleted":"0","num_feature":"92","num_nodes":"29","size_leaf_vector":"1"}},{"base_weights":[-6.070564E-4,-1.1007531E-3,1.16795786E-1,1.0508829E-2,-4.922153E-3,1.4439034E-2,3.7762502E-1,4.282004E-3,2.9982734E-2,7.07523E-2,-5.742525E-3,-4.793805E-3,3.241667E-1,1.1787235E-1,7.2558826E-1,-3.5081033E-4,1.0969219E-3,1.2046585E-2,2.216565E-3,-8.5105436E-5,1.789862E-2,-7.7232346E-4,-1.9749357E-4,1.5833335E-2,-9.94708E-4,-8.571421E-4,6.583334E-2,-9.736833E-4,5.9100002E-2,1.9100001E-2,9.104001E-2],"categories":[],"categories_nodes":[],"categories_segments":[],"categories_sizes":[],"default_left":[0,0,0,0,0,0,0,0,0,0,0,0,0,0,0,0,0,0,0,0,0,0,0,0,0,0,0,0,0,0,0],"id":1,"left_children":[1,3,5,7,9,11,13,15,17,19,21,23,25,27,29,-1,-1,-1,-1,-1,-1,-1,-1,-1,-1,-1,-1,-1,-1,-1,-1],"loss_changes":[3.9309533E0,2.9962323E0,7.5766764E0,2.027955E0,3.1548157E0,1.2227271E0,7.1452217E0,6.602793E-1,2.863367E0,4.223853E0,3.7510216E-1,1.6465895E-1,1.3399225E0,2.8434E0,3.185255E0,0E0,0E0,0E0,0E0,0E0,0E0,0E0,0E0,0E0,0E0,0E0,0E0,0E0,0E0,0E0,0E0],"parents":[2147483647,0,0,1,1,2,2,3,3,4,4,5,5,6,6,7,7,8,8,9,9,10,10,11,11,12,12,13,13,14,14],"right_children":[2,4,6,8,10,12,14,16,18,20,22,24,26,28,30,-1,-1,-1,-1,-1,-1,-1,-1,-1,-1,-1,-1,-1,-1,-1,-1],"split_conditions":[6.477E1,9.510814E1,5.17E1,1E1,5.3447914E-1,7.221928E1,8.850217E0,2.368625E1,1.805E1,4.299E1,3.7465E1,1.23E1,3.514E1,9.615E1,3.5656776E1,-1.0985796E0,2.3676343E0,9.877372E0,4.605109E0,1.1331187E0,1.2761029E1,-3.1747766E0,-4.9430403E-1,9.9273455E-1,-5.863253E-1,-1.2293739E0,1.523626E0,-5.004784E-1,5.6681733E0,2.694803E0,7.332628E0],"split_indices":[77,12,0,85,64,39,52,51,18,4,47,17,0,72,39,0,0,0,0,0,0,0,0,0,0,0,0,0,0,0,0],"split_type":[0,0,0,0,0,0,0,0,0,0,0,0,0,0,0,0,0,0,0,0,0,0,0,0,0,0,0,0,0,0,0],"sum_hessian":[6.7817E4,6.7534E4,2.83E2,1.6724E4,5.081E4,2.04E2,7.9E1,1.2673E4,4.051E3,5.44E2,5.0266E4,1.93E2,1.1E1,4.6E1,3.3E1,5.854E3,6.819E3,3.21E2,3.73E3,3.28E2,2.16E2,3.2945E4,1.7321E4,5E0,1.88E2,6E0,5E0,3.7E1,9E0,9E0,2.4E1],"tree_param":{"num_deleted":"0","num_feature":"92","num_nodes":"31","size_leaf_vector":"1"}},{"base_weights":[-5.522328E-4,-1.0331598E-3,1.19188204E-1,9.529064E-3,-4.5338026E-3,-3.7654226E-3,2.9918182E-1,3.972879E-2,5.467388E-3,6.636872E-2,-5.293064E-3,-9.937879E-4,4.95E-2,5.8204085E-1,7.080646E-2,1.2317281E-2,2.1732773E-3,2.254763E-3,3.878359E-4,-9.966987E-4,1.6451066E-2,-7.404918E-4,9.536076E-10,8.236667E-2,1.905E-2,3.7538465E-2,-9.799991E-4],"categories":[],"categories_nodes":[],"categories_segments":[],"categories_sizes":[],"default_left":[0,0,0,0,0,0,0,0,0,0,0,0,0,0,0,0,0,0,0,0,0,0,0,0,0,0,0],"id":2,"left_children":[1,3,5,7,9,11,13,15,17,19,21,-1,-1,23,25,-1,-1,-1,-1,-1,-1,-1,-1,-1,-1,-1,-1],"loss_changes":[3.9011414E0,2.4947915E0,5.9985914E0,2.0600052E0,2.7284741E0,5.036537E-1,7.0645723E0,2.9871285E0,4.0176204E-1,4.0247006E0,5.6048596E-1,0E0,0E0,4.4788036E0,1.5258386E0,0E0,0E0,0E0,0E0,0E0,0E0,0E0,0E0,0E0,0E0,0E0,0E0],"parents":[2147483647,0,0,1,1,2,2,3,3,4,4,5,5,6,6,7,7,8,8,9,9,10,10,13,13,14,14],"right_children":[2,4,6,8,10,12,14,16,18,20,22,-1,-1,24,26,-1,-1,-1,-1,-1,-1,-1,-1,-1,-1,-1,-1],"split_conditions":[6.477E1,9.510814E1,5.0388332E1,2.055E1,5.3447914E-1,6.886135E1,8.3E0,2.32E0,2.07E1,2.1E1,3E0,-3.0062553E-1,9.276866E0,2.5789396E1,6.316E1,1.2619377E1,4.124434E0,4.4685316E0,1.4455665E0,-8.836795E0,1.4175101E1,-3.635064E0,1.957487E-3,6.599365E0,7.3835435E0,5.082416E0,-1.0603317E0],"split_indices":[74,12,21,67,64,25,43,56,69,84,87,0,0,24,76,0,0,0,0,0,0,0,0,0,0,0,0],"split_type":[0,0,0,0,0,0,0,0,0,0,0,0,0,0,0,0,0,0,0,0,0,0,0,0,0,0,0],"sum_hessian":[6.7741E4,6.7471E4,2.7E2,1.6795E4,5.0676E4,1.61E2,1.09E2,1.99E3,1.4805E4,5.36E2,5.014E4,1.6E2,1E0,4.8E1,6.1E1,3.52E2,1.638E3,1.259E3,1.3546E4,3.02E2,2.34E2,3.584E4,1.43E4,2.9E1,1.9E1,1.2E1,4.9E1],"tree_param":{"num_deleted":"0","num_feature":"92","num_nodes":"27","size_leaf_vector":"1"}},{"base_weights":[-1.1466228E-3,-1.5696656E-3,9.957598E-2,7.667871E-2,-1.8926597E-3,5.925935E-3,2.848421E-1,4.2672075E-2,3.451613E-1,-5.714943E-3,2.6412425E-3,-4.569883E-3,4.925E-1,4.901852E-1,1.4047628E-2,1.3486843E-2,1.686056E-4,-9.230761E-4,5.694737E-2,5.7403855E-3,-5.895597E-4,4.9125E-2,2.513778E-4,1.92E-2,-9.945045E-4,-4.9999956E-4,6.600001E-2,3.3913055E-3,8.028125E-2,4.95E-2,-9.756088E-4],"categories":[],"categories_nodes":[],"categories_segments":[],"categories_sizes":[],"default_left":[0,0,0,0,0,0,0,0,0,0,0,0,0,0,0,0,0,0,0,0,0,0,0,0,0,0,0,0,0,0,0],"id":3,"left_children":[1,3,5,7,9,11,13,15,17,19,21,23,25,27,29,-1,-1,-1,-1,-1,-1,-1,-1,-1,-1,-1,-1,-1,-1,-1,-1],"loss_changes":[2.883104E0,1.7030158E0,4.908414E0,2.5143342E0,1.162866E0,9.674724E-1,5.275663E0,9.331267E-1,2.469587E0,4.1548645E-1,1.9103997E0,1.9843613E-1,3.3662492E-1,7.6755047E0,4.8566434E-1,0E0,0E0,0E0,0E0,0E0,0E0,0E0,0E0,0E0,0E0,0E0,0E0,0E0,0E0,0E0,0E0],"parents":[2147483647,0,0,1,1,2,2,3,3,4,4,5,5,6,6,7,7,8,8,9,9,10,10,11,11,12,12,13,13,14,14],"right_children":[2,4,6,8,10,12,14,16,18,20,22,24,26,28,30,-1,-1,-1,-1,-1,-1,-1,-1,-1,-1,-1,-1,-1,-1,-1,-1],"split_conditions":[6.477E1,4.1364583E-1,5.323E1,4.821E1,2.5449545E1,3.5839E2,2.2E1,7.66E0,9.1403866E-1,7.75E-2,2.895E0,1.096E1,2.55E1,1.2311E2,4.535E1,1.2134206E1,3.3374162E0,-6.483585E0,1.0067416E1,1.2643619E1,-2.1551428E0,2.2659073E0,7.364365E-1,9.5803607E-1,-3.948027E-1,-4.991076E0,5.4541564E0,5.939429E0,1.1182169E1,5.175797E-1,-5.732117E-2],"split_indices":[6,64,18,66,39,79,84,20,48,77,23,17,0,1,5,0,0,0,0,0,0,0,0,0,0,0,0,0,0,0,0],"split_type":[0,0,0,0,0,0,0,0,0,0,0,0,0,0,0,0,0,0,0,0,0,0,0,0,0,0,0,0,0,0,0],"sum_hessian":[6.7658E4,6.7376E4,2.82E2,2.76E2,6.71E4,1.88E2,9.4E1,2.46E2,3E1,3.6407E4,3.0693E4,1.85E2,3E0,5.3E1,4.1E1,7.5E1,1.71E2,1.2E1,1.8E1,1.03E2,3.6304E4,7E0,3.0686E4,4E0,1.81E2,1E0,2E0,2.2E1,3.1E1,1E0,4E1],"tree_param":{"num_deleted":"0","num_feature":"92","num_nodes":"31",