{"learner":{"attributes":{"scikit_learn":"{\"_estimator_type\": \"regressor\"}"},"feature_names":[],"feature_types":[],"gradient_booster":{"model":{"cats":{"enc":[],"feature_segments":[],"sorted_idx":[]},"gbtree_model_param":{"num_parallel_tree":"1","num_trees":"5"},"iteration_indptr":[0,1,2,3,4,5],"tree_info":[0,0,0,0,0],"trees":[{"base_weights":[2.4350418E-4,6.1639372E-2,-2.027474E-2,3.321227E-2,1.4625145E-1,-3.747798E-2,3.1567045E-2,9.073069E-2,2.79283E-4,4.2001534E-2,1.9174543E-1,8.420453E-2,-3.890176E-2,5.488189E-1,2.6305033E-2,8.413853E-3,4.63125E-2,4.0334845E-3,-1.2693078E-3,5.712879E-4,1.7896678E-2,5.390187E-2,1.6464168E-2,-1.9274822E-3,2.3519551E-2,-4.2439774E-3,-1.6695716E-3,9.2E-2,1.5714286E-2,6.065091E-3,-4.2757303E-3],"categories":[],"categories_nodes":[],"categories_segments":[],"categories_sizes":[],"default_left":[0,0,0,0,0,0,0,0,0,0,0,0,0,0,0,0,0,0,0,0,0,0,0,0,0,0,0,0,0,0,0],"id":0,"left_children":[1,3,5,7,9,11,13,15,17,19,21,23,25,27,29,-1,-1,-1,-1,-1,-1,-1,-1,-1,-1,-1,-1,-1,-1,-1,-1],"loss_changes":[8.50989E1,4.0694817E1,4.515717E1,2.3994484E1,2.0172318E1,6.589691E0,3.4323616E1,1.1282959E1,4.1865315E0,6.4305267E0,2.7790817E1,6.8792906E0,2.9516144E0,1.8319035E1,2.9628956E1,0E0,0E0,0E0,0E0,0E0,0E0,0E0,0E0,0E0,0E0,0E0,0E0,0E0,0E0,0E0,0E0],"parents":[2147483647,0,0,1,1,2,2,3,3,4,4,5,5,6,6,7,7,8,8,9,9,10,10,11,11,12,12,13,13,14,14],"right_children":[2,4,6,8,10,12,14,16,18,20,22,24,26,28,30,-1,-1,-1,-1,-1,-1,-1,-1,-1,-1,-1,-1,-1,-1,-1,-1],"split_conditions":[9.510814E1,1E1,1E1,5E0,7.174027E-2,3.2E-1,3.6772916E0,3.1E1,5.784E1,5.2124535E1,2.1422344E1,2.2E1,9E0,9.731544E1,1E0,2.407E0,1.6470947E0,1.895549E0,-6.6160035E-1,6.0319763E-1,7.294E0,9.427375E0,5.301286E0,-2.5400168E-1,1.4653E1,-3.3956509E0,-1.0203006E0,1.2545894E0,2.354399E0,1.6193991E0,-1.4659507E0],"split_indices":[12,85,85,85,61,60,25,84,73,39,25,84,85,12,90,0,0,0,0,0,0,0,0,0,0,0,0,0,0,0,0],"split_type":[0,0,0,0,0,0,0,0,0,0,0,0,0,0,0,0,0,0,0,0,0,0,0,0,0,0,0,0,0,0,0],"sum_hessian":[6.7551E4,1.692E4,5.0631E4,1.2666E4,4.254E3,3.8016E4,1.2615E4,4.611E3,8.055E3,1.293E3,2.961E3,4.39E2,3.7577E4,1.26E2,1.2489E4,4.532E3,7.9E1,1.97E3,6.085E3,1.023E3,2.7E2,2.13E2,2.748E3,2.61E2,1.78E2,3.2412E4,5.165E3,6.4E1,6.2E1,8.341E3,4.148E3],"tree_param":{"num_deleted":"0","num_feature":"92","num_nodes":"31","size_leaf_vector":"1"}},{"base_weights":[-2.9763605E-3,4.999114E-2,-2.0628316E-2,8.9614905E-2,1.3039997E-2,-3.6261722E-2,2.660473E-2,1.4935537E-1,5.454809E-2,4.817069E-3,7.081426E-2,5.952829E-2,-3.76078E-2,4.9801585E-1,2.1860268E-2,7.663095E-3,1.866433E-2,2.0308946E-3,1.2866788E-2,2.5729872E-3,-2.0582313E-3,1.32072065E-2,7.6066674E-4,-4.028664E-3,2.0368664E-2,-4.1072103E-3,-1.5965026E-3,9.05303E-2,4.918032E-3,-5.725259E-4,5.4374663E-3],"categories":[],"categories_nodes":[],"categories_segments":[],"categories_sizes":[],"default_left":[0,0,0,0,0,0,0,0,0,0,0,0,0,0,0,0,0,0,0,0,0,0,0,0,0,0,0,0,0,0,0],"id":1,"left_children":[1,3,5,7,9,11,13,15,17,19,21,23,25,27,29,-1,-1,-1,-1,-1,-1,-1,-1,-1,-1,-1,-1,-1,-1,-1,-1],"loss_changes":[6.3409504E1,2.4818993E1,3.7561836E1,1.712819E1,4.1674795E0,4.930107E0,2.8282013E1,8.188721E0,1.3082274E1,4.0804634E0,4.2310457E0,7.634457E0,2.8251572E0,2.2988905E1,1.123432E1,0E0,0E0,0E0,0E0,0E0,0E0,0E0,0E0,0E0,0E0,0E0,0E0,0E0,0E0,0E0,0E0],"parents":[2147483647,0,0,1,1,2,2,3,3,4,4,5,5,6,6,7,7,8,8,9,9,10,10,11,11,12,12,13,13,14,14],"right_children":[2,4,6,8,10,12,14,16,18,20,22,24,26,28,30,-1,-1,-1,-1,-1,-1,-1,-1,-1,-1,-1,-1,-1,-1,-1,-1],"split_conditions":[9.510814E1,2.778E1,1E1,2.482E1,1E1,5.3447914E-1,3.6772916E0,3.8981586E1,3.8183334E1,7E0,3.929E1,4.299E1,9E0,9.731544E1,3.3369583E1,3.057982E0,5.546221E0,7.1710706E-1,3.0292783E0,1.1073437E0,-1.3871913E0,3.942496E0,3.8337E-1,-4.837341E0,1.3254448E1,-3.0308356E0,-9.3157035E-1,1.1291023E0,1.2105598E0,-3.2849073E-1,1.5680596E0],"split_indices":[12,4,85,68,85,64,25,39,47,85,19,4,85,12,51,0,0,0,0,0,0,0,0,0,0,0,0,0,0,0,0],"split_type":[0,0,0,0,0,0,0,0,0,0,0,0,0,0,0,0,0,0,0,0,0,0,0,0,0,0,0,0,0,0,0],"sum_hessian":[6.7817E4,1.6951E4,5.0866E4,8.179E3,8.772E3,3.8217E4,1.2649E4,3.024E3,5.155E3,7.68E3,1.092E3,5.29E2,3.7688E4,1.25E2,1.2524E4,1.026E3,1.998E3,3.527E3,1.628E3,4.212E3,3.468E3,5.54E2,5.38E2,3.13E2,2.16E2,3.2487E4,5.201E3,6.5E1,6E1,6.776E3,5.748E3],"tree_param":{"num_deleted":"0","num_feature":"92","num_nodes":"31","size_leaf_vector":"1"}},{"base_weights":[-4.414555E-3,-1.985858E-2,4.1514624E-2,2.4310725E-2,-3.466919E-2,6.849987E-2,-4.0293224E-2,5.963741E-2,-5.693549E-3,4.226949E-2,-3.6123946E-2,7.554878E-1,6.407206E-2,-4.2162687E-2,5.6923074E-1,9.020065E-3,9.2986313E-4,-3.8790049E-3,7.5421715E-4,-1.5242506E-3,1.3333333E-2,-4.0125833E-3,-1.11855E-3,-4.6428586E-3,9.072464E-2,1.5360453E-3,8.888493E-3,1.862745E-2,-4.4948417E-3,8.444445E-2,-4.000001E-3],"categories":[],"categories_nodes":[],"categories_segments":[],"categories_sizes":[],"default_left":[0,0,0,0,0,0,0,0,0,0,0,0,0,0,0,0,0,0,0,0,0,0,0,0,0,0,0,0,0,0,0],"id":2,"left_children":[1,3,5,7,9,11,13,15,17,19,21,23,25,27,29,-1,-1,-1,-1,-1,-1,-1,-1,-1,-1,-1,-1,-1,-1,-1,-1],"loss_changes":[4.8052353E1,3.3164864E1,3.7635803E1,1.3494583E1,4.25095E0,3.894514E1,4.842868E0,8.9948635E0,3.016308E0,3.6943028E0,3.7183304E0,1.0021332E1,1.5394737E1,2.6919203E0,2.21347E0,0E0,0E0,0E0,0E0,0E0,0E0,0E0,0E0,0E0,0E0,0E0,0E0,0E0,0E0,0E0,0E0],"parents":[2147483647,0,0,1,1,2,2,3,3,4,4,5,5,6,6,7,7,8,8,9,9,10,10,11,11,12,12,13,13,14,14],"right_children":[2,4,6,8,10,12,14,16,18,20,22,24,26,28,30,-1,-1,-1,-1,-1,-1,-1,-1,-1,-1,-1,-1,-1,-1,-1,-1],"split_conditions":[1E1,9.510814E1,1E0,6E0,3.9E-1,3.6772916E0,2.4125032E1,3.017E1,1.7589212E1,2.1E1,9E0,1E0,5.714E1,2.895E0,1.1641E2,2.2267756E0,5.417106E-1,-2.3813329E0,3.925583E-1,-5.340592E-1,1.2018004E1,-2.7828016E0,-6.8871474E-1,-9.014961E-1,1.0144383E0,8.956424E-1,2.6440256E0,5.151443E0,-1.3438067E0,1.3594437E0,-9.885559E-1],"split_indices":[85,12,90,85,53,25,65,4,39,84,85,89,5,23,1,0,0,0,0,0,0,0,0,0,0,0,0,0,0,0,0],"split_type":[0,0,0,0,0,0,0,0,0,0,0,0,0,0,0,0,0,0,0,0,0,0,0,0,0,0,0,0,0,0,0],"sum_hessian":[6.7741E4,5.0695E4,1.7046E4,1.273E4,3.7965E4,1.2818E4,4.228E3,5.846E3,6.884E3,7.04E2,3.7261E4,8.1E1,1.2737E4,4.216E3,1.2E1,3.637E3,2.209E3,1.966E3,4.918E3,4.32E2,2.72E2,3.2108E4,5.153E3,1.3E1,6.8E1,4.299E3,8.438E3,5E1,4.166E3,8E0,4E0],"tree_param":{"num_deleted":"0","num_feature":"92","num_nodes":"31","size_leaf_vector":"1"}},{"base_weights":[-6.6495338E-3,-2.04712E-2,3.5443936E-2,-3.37973E-2,1.141676E-2,5.98416E-2,-3.8214814E-2,-3.480403E-2,5.922077E-2,8.516174E-3,1.8407257E-1,7.168831E-1,5.578554E-2,-4.0108446E-2,5.6923074E-1,3.996175E-3,-3.5919708E-3,8.142857E-2,4.5118723E-3,-4.4108267E-4,4.4160294E-3,6.458333E-2,1.051643E-2,-4.687501E-3,9.024193E-2,7.1427147E-3,-1.026339E-3,1.7314814E-2,-4.290946E-3,8.444445E-2,-4.000001E-3],"categories":[],"categories_nodes":[],"categories_segments":[],"categories_sizes":[],"default_left":[0,0,0,0,0,0,0,0,0,0,0,0,0,0,0,0,0,0,0,0,0,0,0,0,0,0,0,0,0,0,0],"id":3,"left_children":[1,3,5,7,9,11,13,15,17,19,21,23,25,27,29,-1,-1,-1,-1,-1,-1,-1,-1,-1,-1,-1,-1,-1,-1,-1,-1],"loss_changes":[3.936486E1,2.1644814E1,3.005881E1,3.3660355E0,7.516989E0,3.344304E1,4.8102922E0,2.965908E0,4.0627255E0,6.8039474E0,8.968393E0,1.0953571E1,1.2902229E1,2.4863667E0,2.21347E0,0E0,0E0,0E0,0E0,0E0,0E0,0E0,0E0,0E0,0E0,0E0,0E0,0E0,0E0,0E0,0E0],"parents":[2147483647,0,0,1,1,2,2,3,3,4,4,5,5,6,6,7,7,8,8,9,9,10,10,11,11,12,12,13,13,14,14],"right_children":[2,4,6,8,10,12,14,16,18,20,22,24,26,28,30,-1,-1,-1,-1,-1,-1,-1,-1,-1,-1,-1,-1,-1,-1,-1,-1],"split_conditions":[1E1,3.426209E1,1E0,1.3147626E2,3.1E1,3.6772916E0,2.4125032E1,5.3447914E-1,4.8E0,1.5061E2,1.0079E2,1E0,6.387E1,3.2666667E0,1.1641E2,8.598793E0,-2.393444E0,3.1256235E0,3.0278664E0,-1.9103175E-1,1.3096157E0,2.9267375E0,1.0201681E0,-8.113465E-1,9.143028E-1,2.579405E0,-3.8994974E-1,4.4509406E0,-1.2191757E0,1.2234993E0,-8.8970035E-1],"split_indices":[85,39,90,38,84,25,65,64,33,31,79,89,46,23,1,0,0,0,0,0,0,0,0,0,0,0,0,0,0,0,0],"split_type":[0,0,0,0,0,0,0,0,0,0,0,0,0,0,0,0,0,0,0,0,0,0,0,0,0,0,0,0,0,0,0],