{"learner":{"attributes":{"scikit_learn":"{\"_estimator_type\": \"regressor\"}"},"feature_names":[],"feature_types":[],"gradient_booster":{"model":{"cats":{"enc":[],"feature_segments":[],"sorted_idx":[]},"gbtree_model_param":{"num_parallel_tree":"1","num_trees":"5"},"iteration_indptr":[0,1,2,3,4,5],"tree_info":[0,0,0,0,0],"trees":[{"base_weights":[8.14318E-6,-7.2131145E-1,4.2056493E-2,-8.273597E-1,-5.2710706E-1,-2.1167047E-1,4.7376126E-2,-8.681247E-1,-4.8326847E-1,-5.725264E-1,-3.5451263E-1,-2.723567E-1,-1.2087286E-1,-5.719557E-2,4.7830593E-2,-9.131962E-2,-8.137335E-2,-6.517241E-2,-3.9473683E-2,-6.381833E-2,-4.7392856E-2,-4.1559406E-2,-1.875E-2,-3.3488374E-2,-1.769968E-2,-1.6523298E-2,-7.0682727E-3,-1.0244565E-2,3.8068183E-3,-5.367647E-3,4.7940826E-3],"categories":[],"categories_nodes":[],"categories_segments":[],"categories_sizes":[],"default_left":[0,0,0,0,0,0,0,0,0,0,0,0,0,0,0,0,0,0,0,0,0,0,0,0,0,0,0,0,0,0,0],"id":0,"left_children":[1,3,5,7,9,11,13,15,17,19,21,23,25,27,29,-1,-1,-1,-1,-1,-1,-1,-1,-1,-1,-1,-1,-1,-1,-1,-1],"loss_changes":[2.0489028E3,7.6198E1,8.616624E1,3.3315063E1,1.0121155E1,7.190899E0,2.9740753E0,4.5252686E0,3.57555E0,6.4365845E0,2.74786E0,4.6213417E0,1.1616545E0,1.1720974E0,6.991272E-1,0E0,0E0,0E0,0E0,0E0,0E0,0E0,0E0,0E0,0E0,0E0,0E0,0E0,0E0,0E0,0E0],"parents":[2147483647,0,0,1,1,2,2,3,3,4,4,5,5,6,6,7,7,8,8,9,9,10,10,11,11,12,12,13,13,14,14],"right_children":[2,4,6,8,10,12,14,16,18,20,22,24,26,28,30,-1,-1,-1,-1,-1,-1,-1,-1,-1,-1,-1,-1,-1,-1,-1,-1],"split_conditions":[4.77E0,3.48E0,5.95E0,1.3003333E1,4.52E0,5.52E0,6.17E0,1.094E1,2.4775097E1,2.5643333E1,2.256E1,1.556E1,1.0455E1,2.2E1,1.21E0,-3.65E-1,-3.1485E-1,-4.0365002E-1,-4.4389996E-1,-1.6700001E-1,-1.75E-1,-1.199E-1,-9.3600005E-2,-9.2700005E-2,-7.6349996E-2,-5.2050002E-2,-2.4550011E-2,-1.8800002E-2,7.8000077E-3,-2.034E-1,3.9499998E-1],"split_indices":[0,0,0,25,0,0,0,1,34,38,46,45,49,84,15,0,0,0,0,0,0,0,0,0,0,0,0,0,0,0,0],"split_type":[0,0,0,0,0,0,0,0,0,0,0,0,0,0,0,0,0,0,0,0,0,0,0,0,0,0,0,0,0,0,0],"sum_hessian":[6.7551E4,3.72E3,6.3831E4,2.404E3,1.316E3,1.31E3,6.2521E4,2.148E3,2.56E2,1.04E3,2.76E2,7.84E2,5.26E2,2.7E2,6.2251E4,1.166E3,9.82E2,8.6E1,1.7E2,6.21E2,4.19E2,2.01E2,7.5E1,4.72E2,3.12E2,2.78E2,2.48E2,1.83E2,8.7E1,6.7E1,6.2184E4],"tree_param":{"num_deleted":"0","num_feature":"92","num_nodes":"31","size_leaf_vector":"1"}},{"base_weights":[9.1200107E-4,-7.212033E-1,3.9698116E-2,-7.9287595E-1,-4.8139098E-1,-1.7522332E-1,4.704271E-2,-8.2727087E-1,-4.018433E-1,-2.836207E-1,-5.3568E-1,-2.7797246E-1,-1.1331828E-1,-3.4048505E-2,4.774639E-2,-8.8812925E-2,-7.3466666E-2,-6.787879E-2,-3.5027027E-2,-1.6262626E-2,-4.375E-2,-6.130618E-2,-4.3166667E-2,-7.3969075E-3,-3.4282178E-2,-1.6613923E-3,-1.433432E-2,-1.8E-2,-2.380478E-3,1.4922483E-3,4.7883443E-3],"categories":[],"categories_nodes":[],"categories_segments":[],"categories_sizes":[],"default_left":[0,0,0,0,0,0,0,0,0,0,0,0,0,0,0,0,0,0,0,0,0,0,0,0,0,0,0,0,0,0,0],"id":1,"left_children":[1,3,5,7,9,11,13,15,17,19,21,23,25,27,29,-1,-1,-1,-1,-1,-1,-1,-1,-1,-1,-1,-1,-1,-1,-1,-1],"loss_changes":[1.8994784E3,5.9037354E1,1.0160435E2,3.5443237E1,8.415985E0,1.3497696E1,3.552948E0,1.3121216E1,2.8616257E0,3.168477E0,4.7658234E0,1.0544991E1,3.8564224E0,7.970818E-1,2.7685547E-1,0E0,0E0,0E0,0E0,0E0,0E0,0E0,0E0,0E0,0E0,0E0,0E0,0E0,0E0,0E0,0E0],"parents":[2147483647,0,0,1,1,2,2,3,3,4,4,5,5,6,6,7,7,8,8,9,9,10,10,11,11,12,12,13,13,14,14],"right_children":[2,4,6,8,10,12,14,16,18,20,22,24,26,28,30,-1,-1,-1,-1,-1,-1,-1,-1,-1,-1,-1,-1,-1,-1,-1,-1],"split_conditions":[4.52E0,3.75E0,6.39E0,1.4409583E1,3.75E0,5.27E0,6.83E0,2.71E0,4.8333335E0,8.7E-1,1.656E1,4.52E0,5.27E0,3.404E1,3.01E0,-3.2750005E-1,-1.8575002E-1,-3.9772627E-1,-3.9361E-1,-5.9550017E-2,-8.430002E-2,-1.3430002E-1,-1.4890002E-1,-6.79205E-2,-9.592598E-2,-1.3405007E-2,-3.909499E-2,-7.7812485E-2,-8.500004E-3,4.4400018E-2,4.1249996E-1],"split_indices":[0,0,0,25,14,0,0,0,21,75,1,14,14,71,15,0,0,0,0,0,0,0,0,0,0,0,0,0,0,0,0],"split_type":[0,0,0,0,0,0,0,0,0,0,0,0,0,0,0,0,0,0,0,0,0,0,0,0,0,0,0,0,0,0,0],"sum_hessian":[6.7817E4,3.456E3,6.4361E4,2.659E3,7.97E2,2.126E3,6.2235E4,2.443E3,2.16E2,1.73E2,6.24E2,7.98E2,1.328E3,5.35E2,6.17E4,1.469E3,9.74E2,3.2E1,1.84E2,9.8E1,7.5E1,3.55E2,2.69E2,1.93E2,6.05E2,3.15E2,1.013E3,3.4E1,5.01E2,2.57E2,6.1443E4],"tree_param":{"num_deleted":"0","num_feature":"92","num_nodes":"31","size_leaf_vector":"1"}},{"base_weights":[2.1412135E-3,-5.430843E-1,3.858171E-2,-7.444849E-1,-3.5331503E-1,-1.14508644E-1,4.451897E-2,-8.3213514E-1,-5.608533E-1,-5.3122675E-1,-2.4909486E-1,-2.423718E-1,-5.17902E-2,-2.465261E-3,4.62979E-2,-9.1108404E-2,-7.1716286E-2,-8.776041E-2,-5.0680626E-2,-3.5600003E-2,-5.7883095E-2,-3.8921323E-2,-1.9296559E-2,-3.797834E-2,-1.6636906E-2,-8.74552E-3,-1.2235449E-3,-6.714286E-2,-3.5954927E-5,1.5565266E-3,4.728311E-3],"categories":[],"categories_nodes":[],"categories_segments":[],"categories_sizes":[],"default_left":[0,0,0,0,0,0,0,0,0,0,0,0,0,0,0,0,0,0,0,0,0,0,0,0,0,0,0,0,0,0,0],"id":2,"left_children":[1,3,5,7,9,11,13,15,17,19,21,23,25,27,29,-1,-1,-1,-1,-1,-1,-1,-1,-1,-1,-1,-1,-1,-1,-1,-1],"loss_changes":[1.3459388E3,1.6194092E2,5.7721687E1,3.2657593E1,4.0419006E1,1.9001394E1,5.1093826E0,1.1972656E1,1.0990997E1,6.525543E0,1.0786102E1,8.0828705E0,2.2447963E0,3.142443E0,1.7826157E0,0E0,0E0,0E0,0E0,0E0,0E0,0E0,0E0,0E0,0E0,0E0,0E0,0E0,0E0,0E0,0E0],"parents":[2147483647,0,0,1,1,2,2,3,3,4,4,5,5,6,6,7,7,8,8,9,9,10,10,11,11,12,12,13,13,14,14],"right_children":[2,4,6,8,10,12,14,16,18,20,22,24,26,28,30,-1,-1,-1,-1,-1,-1,-1,-1,-1,-1,-1,-1,-1,-1,-1,-1],"split_conditions":[5.27E0,3.7533333E0,7.24E0,1.48E1,1.355E1,1.656E1,2.092E1,2.525E0,3.5867724E-1,1.5279758E0,2.59E0,6E0,2.562E1,1.21E0,9.25E0,-3.03725E-1,-2.4143326E-1,-2.525079E-1,-2.3476501E-1,-1.5912503E-1,-2.0175841E-1,-1.8144003E-1,-1.54808E-1,-1.0032083E-1,-8.5614E-2,-5.815618E-2,-1.2550505E-2,-4.3010002E-1,-1.2901282E-3,2.2249985E-2,5.7325E-1],"split_indices":[14,21,14,1,1,1,1,21,24,35,53,82,1,15,14,0,0,0,0,0,0,0,0,0,0,0,0,0,0,0,0],"split_type":[0,0,0,0,0,0,0,0,0,0,0,0,0,0,0,0,0,0,0,0,0,0,0,0,0,0,0,0,0,0,0],"sum_hessian":[6.7741E4,4.243E3,6.3498E4,2.057E3,2.186E3,2.37E3,6.1128E4,1.39E3,6.67E2,8.06E2,1.38E3,7.79E2,1.591E3,2.23E3,5.8898E4,8.2E2,5.7E2,9.5E1,5.72E2,1.74E2,6.32E2,3.93E2,9.87E2,2.76E2,5.03E2,8.36E2,7.55E2,6E0,2.224E3,1.83E3,5.7068E4],"tree_param":{"num_deleted":"0","num_feature":"92","num_nodes":"31","size_leaf_vector":"1"}},{"base_weights":[3.7083032E-3,-6.618049E-1,3.9302453E-2,-7.603009E-1,-4.3518695E-1,-1.839686E-1,4.4052124E-2,-8.0515707E-1,-3.908046E-1,-2.1853659E-1,-4.876043E-1,-2.8135592E-2,-2.2782567E-1,-2.4659166E-2,4.7413893E-2,-8.8182196E-2,-7.054185E-2,-4.478049E-2,-1.7894736E-2,-3.7101448E-2,-1.4014599E-2,-6.3651964E-2,-4.3907233E-2,-6.333333E-2,-2.1843002E-3,-2.8396694E-2,-1.5011363E-2,-2.9005512E-4,-1.6209476E-2,-2.3696669E-4,4.758892E-3],"categories":[],"categories_nodes":[],"categories_segments":[],"categories_sizes":[],"default_left":[0,0,0,0,0,0,0,0,0,0,0,0,0,0,0,0,0,0,0,0,0,0,0,0,0,0,0,0,0,0,0],"id":3,"left_children":[1,3,5,7,9,11,13,15,17,19,21,23,25,27,29,-1,-1,-1,-1,-1,-1,-1,-1,-1,-1,-1,-1,-1,-1,-1,-1],"loss_changes":[1.602758E3,7.634155E1,6.811643E1,3.9347412E1,1.1737991E1,9.137989E0,1.4527756E1,1.5687866E1,3.0716858E0,2.3983345E0,5.7841034E0,1.109603E0,4.512188E0,8.773388E0,5.2253723E-1,0E0,0E0,0E0,0E0,0E0,0E0,0E0,0E0,0E0,0E0,0E0,0E0,0E0,0E0,0E0,0E0],"parents":[2147483647,0,0,1,1,2,2,3,3,4,4,5,5,6,6,7,7,8,8,9,9,10,10,11,11,12,12,13,13,14,14],"right_children":[2,4,6,8,10,12,14,16,18,20,22,24,26,28,30,-1,-1,-1,-1,-1,-1,-1,-1,-1,-1,-1,-1,-1,-1,-1,-1],"split_conditions":[4.52E0,3.48E0,5.75E0,1.2797916E1,3.48E0,4.52E0,8.04E0,2.4E0,9.981667E0,3.75E0,3.75E0,1.21E0,5.27E0,9.25E0,3.01E0,-2.7330452E-1,-1.5980403E-1,-3.5996383E-1,-3.4682095E-1,-9.531511E-2,-7.393866E-2,-1.3647208E-1,-1.0821118E-1,-6.807461E-2,-2.9229438E-2,-7.8135364E-2,-4.478843E-2,-2.240758E-3,-1.1492497E-1,-3.733729E-2,4.3192503E-1],"split_indices":[0,0,0,25,14,14,0,0,60,0,0,17,0,14,15,0,0,0,0,0,0,0,0,0,0,0,0,0,0,0,0],