{"learner":{"attributes":{"scikit_learn":"{\"_estimator_type\": \"regressor\"}"},"feature_names":[],"feature_types":[],"gradient_booster":{"model":{"cats":{"enc":[],"feature_segments":[],"sorted_idx":[]},"gbtree_model_param":{"num_parallel_tree":"1","num_trees":"5"},"iteration_indptr":[0,1,2,3,4,5],"tree_info":[0,0,0,0,0],"trees":[{"base_weights":[-2.2957207E-5,-2.3834296E-2,3.1416264E-1,-3.342172E-2,6.640688E-2,2.2430836E-1,4.6227726E-1,-3.5071326E-3,-4.1625712E-2,3.2437216E-2,1.18940026E-1,1.4389685E-1,3.1011862E-1,3.6057016E-1,6.3805175E-1,-4.6009626E-4,8.866667E-2,-4.2058453E-3,1.6793478E-2,7.532666E-3,8.819785E-4,1.4156537E-2,-3.0608985E-3,-1.016272E-4,1.7148405E-2,2.3281453E-2,3.9954748E-2,3.0064706E-2,5.3436425E-2,9.0525E-2,5.1997818E-2],"categories":[],"categories_nodes":[],"categories_segments":[],"categories_sizes":[],"default_left":[0,0,0,0,0,0,0,0,0,0,0,0,0,0,0,0,0,0,0,0,0,0,0,0,0,0,0,0,0,0,0],"id":0,"left_children":[1,3,5,7,9,11,13,15,17,19,21,23,25,27,29,-1,-1,-1,-1,-1,-1,-1,-1,-1,-1,-1,-1,-1,-1,-1,-1],"loss_changes":[5.0537607E2,5.4330383E1,6.3232574E1,1.3930817E1,1.0758661E1,2.040738E1,3.187799E1,1.190073E1,4.0468216E0,3.710742E0,8.016697E0,6.1247272E0,9.813629E0,1.1711624E1,2.0257019E1,0E0,0E0,0E0,0E0,0E0,0E0,0E0,0E0,0E0,0E0,0E0,0E0,0E0,0E0,0E0,0E0],"parents":[2147483647,0,0,1,1,2,2,3,3,4,4,5,5,6,6,7,7,8,8,9,9,10,10,11,11,12,12,13,13,14,14],"right_children":[2,4,6,8,10,12,14,16,18,20,22,24,26,28,30,-1,-1,-1,-1,-1,-1,-1,-1,-1,-1,-1,-1,-1,-1,-1,-1],"split_conditions":[7.207E1,5.217E1,8.9325E1,9.510814E1,5.843E1,6.705E1,2.1817E2,1.6063E2,8.007083E1,9.510814E1,1E0,9.632166E1,8.483E1,1.2E1,7.73089E-2,-3.3704922E-1,2.0887413E0,-2.7934494E0,1.3268351E1,2.1624506E0,2.0214994E-1,2.9370494E0,-5.2484953E-1,5.5852324E-1,3.20895E0,4.336601E0,5.8454785E0,7.503551E0,6.7578006E0,3.9025505E0,8.28435E0],"split_indices":[0,0,21,12,18,18,1,45,21,12,90,38,0,85,61,0,0,0,0,0,0,0,0,0,0,0,0,0,0,0,0],"split_type":[0,0,0,0,0,0,0,0,0,0,0,0,0,0,0,0,0,0,0,0,0,0,0,0,0,0,0,0,0,0,0],"sum_hessian":[6.7551E4,6.2793E4,4.758E3,5.6763E4,6.03E3,2.963E3,1.795E3,1.2217E4,4.4546E4,3.663E3,2.367E3,1.531E3,1.432E3,1.139E3,6.56E2,1.2203E4,1.4E1,4.4455E4,9.1E1,1.3E3,2.363E3,2.056E3,3.11E2,2.45E2,1.286E3,7.7E2,6.62E2,8.49E2,2.9E2,1.99E2,4.57E2],"tree_param":{"num_deleted":"0","num_feature":"92","num_nodes":"31","size_leaf_vector":"1"}},{"base_weights":[-4.2444603E-3,-2.2072723E-2,2.9966736E-1,-3.5122044E-2,4.8318185E-2,8.066832E-1,2.7078998E-1,-8.391994E-3,-4.2128507E-2,3.2289986E-2,1.5752728E-1,5.1666655E-2,9.32948E-1,1.9183217E-1,3.736075E-1,-9.585204E-4,8.28125E-2,-4.3481444E-3,-9.3584583E-4,1.1638073E-3,6.9086268E-3,6.0310722E-3,1.9440258E-2,-1.2500011E-3,6.333333E-2,-2.5000006E-3,9.386628E-2,1.2740641E-2,2.7256439E-2,2.8078739E-2,4.3796703E-2],"categories":[],"categories_nodes":[],"categories_segments":[],"categories_sizes":[],"default_left":[0,0,0,0,0,0,0,0,0,0,0,0,0,0,0,0,0,0,0,0,0,0,0,0,0,0,0,0,0,0,0],"id":1,"left_children":[1,3,5,7,9,11,13,15,17,19,21,23,25,27,29,-1,-1,-1,-1,-1,-1,-1,-1,-1,-1,-1,-1,-1,-1,-1,-1],"loss_changes":[3.6745947E2,5.8845154E1,5.4803528E1,1.0120987E1,1.7532423E1,1.9208862E1,2.8804932E1,1.121206E1,1.8980026E0,6.6393213E0,4.584099E0,1.127625E0,9.7055054E-1,1.0440559E1,9.100662E0,0E0,0E0,0E0,0E0,0E0,0E0,0E0,0E0,0E0,0E0,0E0,0E0,0E0,0E0,0E0,0E0],"parents":[2147483647,0,0,1,1,2,2,3,3,4,4,5,5,6,6,7,7,8,8,9,9,10,10,11,11,12,12,13,13,14,14],"right_children":[2,4,6,8,10,12,14,16,18,20,22,24,26,28,30,-1,-1,-1,-1,-1,-1,-1,-1,-1,-1,-1,-1,-1,-1,-1,-1],"split_conditions":[7.84425E1,4.703E1,4.4279414E-1,9.510814E1,7.845E1,2.1776352E2,6.8158E1,1.6063E2,4.7005E1,6.003E1,4.3035526E1,1.6063E2,3.31E1,9.548E1,9.368562E1,-7.0236915E-1,1.8798668E0,-2.9531045E0,-2.029045E-1,3.4523666E-1,1.823635E0,1.964646E0,3.8750455E0,1.0202705E0,3.0691965E0,-6.550804E0,3.5649629E0,3.3925998E0,6.6765437E0,3.8794744E0,6.8465586E0],"split_indices":[0,0,22,12,18,34,19,45,21,0,39,46,2,14,0,0,0,0,0,0,0,0,0,0,0,0,0,0,0,0,0],"split_type":[0,0,0,0,0,0,0,0,0,0,0,0,0,0,0,0,0,0,0,0,0,0,0,0,0,0,0,0,0,0,0],"sum_hessian":[6.7817E4,6.406E4,3.757E3,5.4042E4,1.0018E4,2.01E2,3.556E3,1.1224E4,4.2818E4,8.737E3,1.281E3,2.9E1,1.72E2,2.013E3,1.543E3,1.1209E4,1.5E1,4.112E4,1.698E3,5.597E3,3.14E3,3.53E2,9.28E2,2.7E1,2E0,1E0,1.71E2,1.121E3,8.92E2,6.34E2,9.09E2],"tree_param":{"num_deleted":"0","num_feature":"92","num_nodes":"31","size_leaf_vector":"1"}},{"base_weights":[-7.676933E-3,-2.1425582E-2,2.4559918E-1,-3.568447E-2,3.6064982E-2,2.1307714E-1,7.8781724E-1,-9.713372E-3,-4.233764E-2,1.05629265E-2,7.847757E-2,1.6788396E-1,3.335563E-1,5.1666655E-2,9.145833E-1,-1.0716E-3,8.0000006E-2,-4.2593013E-3,1.0136985E-2,2.208725E-3,-3.1366292E-3,1.8634553E-3,1.061128E-2,1.4011628E-2,2.9856801E-2,3.5122808E-2,-2.5581408E-3,-4.814816E-3,7.125E-2,9.3810976E-2,-4.000001E-3],"categories":[],"categories_nodes":[],"categories_segments":[],"categories_sizes":[],"default_left":[0,0,0,0,0,0,0,0,0,0,0,0,0,0,0,0,0,0,0,0,0,0,0,0,0,0,0,0,0,0,0],"id":2,"left_children":[1,3,5,7,9,11,13,15,17,19,21,23,25,27,29,-1,-1,-1,-1,-1,-1,-1,-1,-1,-1,-1,-1,-1,-1,-1,-1],"loss_changes":[2.3589673E2,5.2674423E1,6.133969E1,8.895866E0,1.3811306E1,1.7868393E1,1.833657E1,8.533713E0,1.508461E0,3.8547425E0,7.9278736E0,8.652763E0,5.701889E0,2.013134E0,3.8104553E0,0E0,0E0,0E0,0E0,0E0,0E0,0E0,0E0,0E0,0E0,0E0,0E0,0E0,0E0,0E0,0E0],"parents":[2147483647,0,0,1,1,2,2,3,3,4,4,5,5,6,6,7,7,8,8,9,9,10,10,11,11,12,12,13,13,14,14],"right_children":[2,4,6,8,10,12,14,16,18,20,22,24,26,28,30,-1,-1,-1,-1,-1,-1,-1,-1,-1,-1,-1,-1,-1,-1,-1,-1],"split_conditions":[8.044E1,4.356E1,3.7E1,9.510814E1,1.3251E2,8.476E1,2.1825E2,1.6063E2,6.632E1,1E0,3.11025E1,7.8355E1,3.3254545E0,8.324E1,2.70165E2,-7.9030764E-1,1.6610702E0,-2.6884944E0,9.330635E0,7.9668206E-1,-1.0020274E0,7.71699E-1,2.3462923E0,3.909044E0,5.4362717E0,6.235707E0,-1.2665829E-1,-9.7373134E-1,3.0136993E0,6.4531416E-1,-9.5581055E-2],"split_indices":[14,14,9,12,32,19,27,45,21,90,51,39,77,41,1,0,0,0,0,0,0,0,0,0,0,0,0,0,0,0,0],"split_type":[0,0,0,0,0,0,0,0,0,0,0,0,0,0,0,0,0,0,0,0,0,0,0,0,0,0,0,0,0,0,0],"sum_hessian":[6.7741E4,6.4254E4,3.487E3,5.1485E4,1.2769E4,3.291E3,1.96E2,1.05E4,4.0985E4,7.975E3,4.794E3,2.395E3,8.96E2,2.9E1,1.67E2,1.0488E4,1.2E1,4.0913E4,7.2E1,6.256E3,1.719E3,1.515E3,3.279E3,1.977E3,4.18E2,8.54E2,4.2E1,2.6E1,3E0,1.63E2,4E0],"tree_param":{"num_deleted":"0","num_feature":"92","num_nodes":"31","size_leaf_vector":"1"}},{"base_weights":[-9.989814E-3,-2.135413E-2,2.4360785E-1,-3.7206065E-2,2.5196025E-2,8.126984E-1,2.0388724E-1,-4.3947395E-2,-2.0007363E-2,6.1841523E-3,6.799406E-2,1.5166666E-1,9.315625E-1,1.6794212E-1,3.381993E-1,-4.4200546E-3,1.881579E-2,-2.6285728E-3,1.9138744E-3,1.7454856E-3,-3.6865496E-3,7.965707E-3,-2.9574872E-3,-4.7916677E-3,8.142857E-2,-2.5000006E-3,9.377359E-2,3.2071713E-2,1.4759639E-2,3.8525105E-2,9.789473E-3],"categories":[],"categories_nodes":[],"categories_segments":[],"categories_sizes":[],"default_left":[0,0,0,0,0,0,0,0,0,0,0,0,0,0,0,0,0,0,0,0,0,0,0,0,0,0,0,0,0,0,0],"id":3,"left_children":[1,3,5,7,9,11,13,15,17,19,21,23,25,27,29,-1,-1,-1,-1,-1,-1,-1,-1,-1,-1,-1,-1,-1,-1,-1,-1],"loss_changes":[1.94996E2,4.778651E1,6.543291E1,5.6000595E0,1.3385278E1,1.4709007E1,1.3046013E1,2.0474548E0,3.344252E0,5.5280395E0,5.7603683E0,4.0064497E0,9.682617E-1,6.613785E0,6.4297485E0,0E0,0E0,0E0,0E0,0E0,0E0,0E0,0E0,0E0,0E0,0E0,0E0,0E0,0E0,0E0,0E0],"parents":[2147483647,0,0,1,1,2,2,3,3,4,4,5,5,6,6,7,7,8,8,9,9,10,10,11,11,12,12,13,13,14,14],"right_children":[2,4,6,8,10,12,14,16,18,20,22,24,26,28,30,-1,-1,-1,-1,-1,-1,-1,-1,-1,-1,-1,-1,-1,-1,-1,-1],"split_conditions":[8.483E1,3.9614E1,1.3738899E-1,8.265417E1,5.77E1,2.1825E2,1.0461E2,6.768013E1,4.969E1,1E0,1E0,8.010362E1,2.907E1,6.041E1,1.2458333E1,-3.075945E0,1.9773056E1,-1.690945E0,7.235227E-1,6.084461E-1,-1.2617105E0,2.0704591E0,-6.416313E-1,-9.0165824E-1,2.7123291E0,-7.030075E-1,1.0338109E0,7.8755035E0,3.7451866E0,6.641214E0,2.5685146E0],"split_indices":[0,0,22,38,18,27,18,26,18,90,90,2,5,78,64,0,0,0,0,0,0,0,0,0,0,0,0,0,0,0,0],