{"learner":{"attributes":{"scikit_learn":"{\"_estimator_type\": \"regressor\"}"},"feature_names":[],"feature_types":[],"gradient_booster":{"model":{"cats":{"enc":[],"feature_segments":[],"sorted_idx":[]},"gbtree_model_param":{"num_parallel_tree":"1","num_trees":"5"},"iteration_indptr":[0,1,2,3,4,5],"tree_info":[0,0,0,0,0],"trees":[{"base_weights":[1.9970755E-4,-6.6745956E-3,5.804046E-1,-7.862277E-3,9.126251E-2,3.3255908E-1,6.963383E-1,-8.040365E-3,8.238462E-2,2.4176872E-1,5.7293586E-2,7.4083334E-1,3.110288E-1,6.0736465E-1,7.877481E-1,-8.625865E-4,1.2949086E-3,2.9033333E-2,1.980199E-3,1.8539064E-2,5.905E-2,4.2000003E-2,5.328705E-3,2.425E-2,8.8E-2,2.7024155E-2,5.3081084E-2,5.3260636E-2,7.5677775E-2,3.545455E-2,8.035318E-2],"categories":[],"categories_nodes":[],"categories_segments":[],"categories_sizes":[],"default_left":[0,0,0,0,0,0,0,0,0,0,0,0,0,0,0,0,0,0,0,0,0,0,0,0,0,0,0,0,0,0,0],"id":0,"left_children":[1,3,5,7,9,11,13,15,17,19,21,23,25,27,29,-1,-1,-1,-1,-1,-1,-1,-1,-1,-1,-1,-1,-1,-1,-1,-1],"loss_changes":[2.6943533E2,7.766344E0,2.2496765E1,1.0608115E0,4.076175E0,2.0023022E0,3.8971252E0,8.091669E-1,1.686068E0,2.7806644E0,9.2801094E-1,6.1881685E-1,2.0348797E0,2.6909866E0,1.5065308E0,0E0,0E0,0E0,0E0,0E0,0E0,0E0,0E0,0E0,0E0,0E0,0E0,0E0,0E0,0E0,0E0],"parents":[2147483647,0,0,1,1,2,2,3,3,4,4,5,5,6,6,7,7,8,8,9,9,10,10,11,11,12,12,13,13,14,14],"right_children":[2,4,6,8,10,12,14,16,18,20,22,24,26,28,30,-1,-1,-1,-1,-1,-1,-1,-1,-1,-1,-1,-1,-1,-1,-1,-1],"split_conditions":[1.1933E2,9.966E1,1.324E2,1.08261665E2,6.9706665E1,2.813096E-2,1.5575E2,8.042E1,6.5E-1,7.675208E1,1.302E1,1.4531E2,4.7522648E1,9.169771E1,5.89E0,-4.303752E0,2.3594816E0,8.765727E0,9.784554E0,1.3717058E1,9.631728E0,8.027728E0,3.838775E0,2.647278E-1,1.9143952E0,3.608968E0,1.7335728E1,8.590542E0,1.1276728E1,1.4327728E1,1.6007727E1],"split_indices":[0,0,0,25,21,61,0,0,56,25,71,32,26,25,44,0,0,0,0,0,0,0,0,0,0,0,0,0,0,0,0],"split_type":[0,0,0,0,0,0,0,0,0,0,0,0,0,0,0,0,0,0,0,0,0,0,0,0,0,0,0,0,0,0,0],"sum_hessian":[6.7551E4,6.6761E4,7.9E2,6.5962E4,7.99E2,2.53E2,5.37E2,6.5833E4,1.29E2,1.46E2,6.53E2,1.1E1,2.42E2,2.76E2,2.61E2,6.4047E4,1.786E3,2.9E1,1E2,1.27E2,1.9E1,6E0,6.47E2,3E0,8E0,2.06E2,3.6E1,1.87E2,8.9E1,1E1,2.51E2],"tree_param":{"num_deleted":"0","num_feature":"92","num_nodes":"31","size_leaf_vector":"1"}},{"base_weights":[-1.9193924E-3,-6.537217E-3,5.8548206E-1,-7.299034E-3,1.7981753E-1,4.862782E-1,6.8321973E-1,-8.006033E-3,5.0282914E-2,3.537879E-1,1.24019146E-1,6.203361E-1,3.7520272E-1,8.165289E-1,5.6645834E-1,-9.001571E-4,1.8029926E-4,1.3091551E-2,3.3169654E-3,4.430189E-2,-9.285705E-4,2.2182928E-2,6.039064E-3,5.0864197E-2,8.364103E-2,2.0227274E-2,5.0819278E-2,8.435345E-2,1.5833335E-2,-9.166658E-4,6.1413534E-2],"categories":[],"categories_nodes":[],"categories_segments":[],"categories_sizes":[],"default_left":[0,0,0,0,0,0,0,0,0,0,0,0,0,0,0,0,0,0,0,0,0,0,0,0,0,0,0,0,0,0,0],"id":1,"left_children":[1,3,5,7,9,11,13,15,17,19,21,23,25,27,29,-1,-1,-1,-1,-1,-1,-1,-1,-1,-1,-1,-1,-1,-1,-1,-1],"loss_changes":[1.8396132E2,9.554349E0,4.796921E0,2.7286873E0,2.6159134E0,3.7281303E0,3.6467361E0,6.4652586E-1,1.1175051E0,2.1423435E0,1.287318E0,2.446537E0,3.3009071E0,2.0172043E0,3.957573E0,0E0,0E0,0E0,0E0,0E0,0E0,0E0,0E0,0E0,0E0,0E0,0E0,0E0,0E0,0E0,0E0],"parents":[2147483647,0,0,1,1,2,2,3,3,4,4,5,5,6,6,7,7,8,8,9,9,10,10,11,11,12,12,13,13,14,14],"right_children":[2,4,6,8,10,12,14,16,18,20,22,24,26,28,30,-1,-1,-1,-1,-1,-1,-1,-1,-1,-1,-1,-1,-1,-1,-1,-1],"split_conditions":[1.324E2,1.1933E2,1.5575E2,9.966E1,1.3726334E2,1.324E2,2.1714E2,6.003E1,8.246E1,5.56E0,1.1933E2,4.823E1,8.462583E1,2.64E0,7.18E0,-5.410947E0,6.51514E-1,7.951197E0,3.2024174E0,1.5602155E1,-1.9116898E-1,7.9481554E0,3.2127912E0,7.249805E0,1.4286008E1,4.3556733E0,3.2496736E0,1.4406955E1,1.0396706E1,-7.010437E-1,1.4828119E1],"split_indices":[0,0,0,0,34,14,7,0,14,59,14,46,25,74,41,0,0,0,0,0,0,0,0,0,0,0,0,0,0,0,0],"split_type":[0,0,0,0,0,0,0,0,0,0,0,0,0,0,0,0,0,0,0,0,0,0,0,0,0,0,0,0,0,0,0],"sum_hessian":[6.7817E4,6.7289E4,5.28E2,6.7016E4,2.73E2,2.65E2,2.63E2,6.6204E4,8.12E2,6.5E1,2.08E2,1.18E2,1.47E2,1.2E2,1.43E2,6.0104E4,6.1E3,1.41E2,6.71E2,5.2E1,1.3E1,8.1E1,1.27E2,8E1,3.8E1,6.5E1,8.2E1,1.15E2,5E0,1.1E1,1.32E2],"tree_param":{"num_deleted":"0","num_feature":"92","num_nodes":"31","size_leaf_vector":"1"}},{"base_weights":[-3.0617542E-3,-5.4763015E-3,2.979963E-1,-7.4527143E-3,4.7300093E-2,6.0723406E-1,2.6791075E-1,-8.413862E-3,1.2426382E-2,2.3048078E-1,3.9078787E-2,9.1000006E-2,7.2710526E-1,2.2974887E-1,5.616071E-1,-8.477389E-4,7.0200013E-3,2.1259261E-2,1.0597579E-3,1.2000001E-2,5.2607145E-2,3.3844814E-3,3.1581398E-2,-8.888881E-4,4.95E-2,7.902857E-2,-7.499993E-4,3.1562015E-2,1.0607736E-2,-8.3333254E-4,6.1764706E-2],"categories":[],"categories_nodes":[],"categories_segments":[],"categories_sizes":[],"default_left":[0,0,0,0,0,0,0,0,0,0,0,0,0,0,0,0,0,0,0,0,0,0,0,0,0,0,0,0,0,0,0],"id":2,"left_children":[1,3,5,7,9,11,13,15,17,19,21,23,25,27,29,-1,-1,-1,-1,-1,-1,-1,-1,-1,-1,-1,-1,-1,-1,-1,-1],"loss_changes":[4.9244568E1,7.0102634E0,4.851948E0,1.2378213E0,3.6445112E0,2.84227E0,5.3965187E0,3.091855E-1,1.0915478E0,3.3332071E0,3.3540008E0,4.0795112E-1,1.7696095E0,4.6180077E0,1.7937527E0,0E0,0E0,0E0,0E0,0E0,0E0,0E0,0E0,0E0,0E0,0E0,0E0,0E0,0E0,0E0,0E0],"parents":[2147483647,0,0,1,1,2,2,3,3,4,4,5,5,6,6,7,7,8,8,9,9,10,10,11,11,12,12,13,13,14,14],"right_children":[2,4,6,8,10,12,14,16,18,20,22,24,26,28,30,-1,-1,-1,-1,-1,-1,-1,-1,-1,-1,-1,-1,-1,-1,-1,-1],"split_conditions":[1.324E2,2.9792816E1,2.754E1,6.886135E1,1.2033334E0,3.8167976E1,3.04175E2,1.1148E2,1.226E1,3.647E1,3.6705E2,5E0,2.4908E2,4.7021526E1,3.286E1,-3.4053323E0,1.4046282E1,8.720453E0,1.5749353E0,1.4252143E1,1.296626E1,4.9427843E0,9.814261E0,-1.7205201E-1,3.6956239E0,1.1240262E1,-1.1782395E0,1.2118237E1,5.5099344E0,-2.317398E-1,6.90426E0],"split_indices":[14,24,7,25,64,24,1,14,66,4,1,8,27,37,17,0,0,0,0,0,0,0,0,0,0,0,0,0,0,0,0],"split_type":[0,0,0,0,0,0,0,0,0,0,0,0,0,0,0,0,0,0,0,0,0,0,0,0,0,0,0,0,0,0,0],"sum_hessian":[6.7741E4,6.7203E4,5.38E2,6.4778E4,2.425E3,4.6E1,4.92E2,6.1791E4,2.987E3,1.03E2,2.322E3,9E0,3.7E1,4.37E2,5.5E1,6.1742E4,4.9E1,2.6E1,2.961E3,7.6E1,2.7E1,2.28E3,4.2E1,8E0,1E0,3.4E1,3E0,2.57E2,1.8E2,5E0,5E1],"tree_param":{"num_deleted":"0","num_feature":"92","num_nodes":"31","size_leaf_vector":"1"}},{"base_weights":[-3.7774628E-3,-5.889257E-3,5.1750916E-1,-6.7516854E-3,2.0615385E-1,6.066321E-1,2.9876545E-1,-7.5329454E-3,4.2843428E-2,2.9386076E-1,8.4913805E-2,7.628409E-1,4.7122642E-1,4.9035716E-1,1.938889E-1,-8.605217E-4,3.519859E-4,3.711483E-3,2.9478261E-2,4.076923E-2,1.372059E-2,4.2000003E-2,6.281819E-3,-7.999992E-4,7.996429E-2,5.3129412E-2,2.177273E-2,8.91E-2,2.5368422E-2,-9.5652085E-4,3.3406254E-2],"categories":[],"categories_nodes":[],"categories_segments":[],"categories_sizes":[],"default_left":[0,0,0,0,0,0,0,0,0,0,0,0,0,0,0,0,0,0,0,0,0,0,0,0,0,0,0,0,0,0,0],"id":3,"left_children":[1,3,5,7,9,11,13,15,17,19,21,23,25,27,29,-1,-1,-1,-1,-1,-1,-1,-1,-1,-1,-1,-1,-1,-1,-1,-1],"loss_changes":[7.448546E1,1.2324588E1,5.1409225E0,2.6008067E0,2.8780174E0,3.7227783E0,1.5324974E0,7.831254E-1,1.491492E0,2.7615595E0,8.3247286E-1,2.5028229E0,1.498394E0,2.4289637E0,1.5432158E0,0E0,0E0,0E0,0E0,0E0,0E0,0E0,0E0,0E0,0E0,0E0,0E0,0E0,0E0,0E0,0E0],"parents":[2147483647,0,0,1,1,2,2,3,3,4,4,5,5,6,6,7,7,8,8,9,9,10,10,11,11,12,12,13,13,14,14],"right_children":[2,4,6,8,10,12,14,16,18,20,22,24,26,28,30,-1,-1,-1,-1,-1,-1,-1,-1,-1,-1,-1,-1,-1,-1,-1,-1],"split_conditions":[1.5575E2,1.324E2,1.9467E2,9.966E1,1.0461E2,2.2413E2,3.17E0,6.081E1,6.768013E1,6.1605563E0,1.0066667E0,1.609617E1,4.3406666E1,3.75E-1,2.67E1,-4.6185884E0,1.0434941E0,3.4490845E0,1.2830115E1,1.2363129E1,5.3754153E0,8.225263E0,2.0857618E0,-3.3676606E-1,1.2873984E1,1.3523032E1,1.0535753E1,5.2378345E0,8.37561E0,-1.8681336E-2,7.6731505E0],"split_indices":[0,0,27,0,15,7,53,0,26,50,62,22,47,77,68,0,0,0,0,0,0,0,0,0,0,0,0,0,0,0,0],"split_type":[0,0,0,0,0,0,0,0,0,0,0,0,0,0,0,0,0,0,0,0,0,0,0,0,0,0,0,0,0,0,0],